"region_id","region_name","base_year","target_year","Total_value","Total_trend","ChangeArea_add","ChangeArea_redu"
"530500","保山市","2013","2014","-0.0409","减少","6107.25","10958.4"
"530500","保山市","2013","2015","0.0673","增加","12086.27","6045.88"
"530500","保山市","2013","2016","0.0559","增加","11864.07","6330.28"
"530500","保山市","2013","2017","0.1275","增加","13903.31","4338.35"
"530500","保山市","2013","2018","0.1474","增加","14713.89","3491.43"
"530500","保山市","2013","2019","0.1225","增加","14035.02","4058.56"
"530500","保山市","2013","2020","0.1422","增加","14780.45","3412.89"
"530500","保山市","2013","2021","0.1658","增加","15381.42","2904.34"
"530500","保山市","2013","2022","0.1642","增加","15205.84","3117.77"
"530500","保山市","2014","2015","0.1082","增加","13097.36","5142.96"
"530500","保山市","2014","2016","0.0968","增加","12770.99","5515.01"
"530500","保山市","2014","2017","0.1684","增加","14690.99","3688.82"
"530500","保山市","2014","2018","0.1883","增加","15475.75","2908.75"
"530500","保山市","2014","2019","0.1634","增加","15048.02","3251.01"
"530500","保山市","2014","2020","0.1831","增加","15571.52","2819.96"
"530500","保山市","2014","2021","0.2067","增加","16085.76","2377.74"
"530500","保山市","2014","2022","0.2051","增加","15881.28","2607.22"
"530500","保山市","2015","2016","-0.0114","减少","8436.87","8246.86"
"530500","保山市","2015","2017","0.0602","增加","11178.26","6049.12"
"530500","保山市","2015","2018","0.0801","增加","11404.28","6242.28"
"530500","保山市","2015","2019","0.0552","增加","10373.66","7251.83"
"530500","保山市","2015","2020","0.0749","增加","11143.36","6608.36"
"530500","保山市","2015","2021","0.0985","增加","12184.55","5585.77"
"530500","保山市","2015","2022","0.0969","增加","12187.75","5575"
"530500","保山市","2016","2017","0.0716","增加","11065.65","5655.1"
"530500","保山市","2016","2018","0.0916","增加","11470.99","6092.59"
"530500","保山市","2016","2019","0.0666","增加","10403.51","7261.81"
"530500","保山市","2016","2020","0.0864","增加","11161.71","6579.13"
"530500","保山市","2016","2021","0.1099","增加","12164.06","5570.26"
"530500","保山市","2016","2022","0.1083","增加","12166.85","5561.75"
"530500","保山市","2017","2018","0.02","增加","8630.19","8223.74"
"530500","保山市","2017","2019","-0.005","不变","7485.09","9788.4"
"530500","保山市","2017","2020","0.0148","增加","8400.01","9042.79"
"530500","保山市","2017","2021","0.0383","增加","9538.55","7776.82"
"530500","保山市","2017","2022","0.0367","增加","9709.08","7619.15"
"530500","保山市","2018","2019","-0.0249","减少","6061.81","10078.35"
"530500","保山市","2018","2020","-0.0052","不变","7742.41","8859.23"
"530500","保山市","2018","2021","0.0183","增加","9559.83","7384.71"
"530500","保山市","2018","2022","0.0167","增加","9813.93","7214.89"
"530500","保山市","2019","2020","0.0197","增加","9964.4","6126.55"
"530500","保山市","2019","2021","0.0433","增加","11797.11","5077.99"
"530500","保山市","2019","2022","0.0417","增加","11792.48","5432.03"
"530500","保山市","2020","2021","0.0119","增加","10076.37","5630.32"
"530500","保山市","2020","2022","0.0111","增加","10465.49","5877.06"
"530500","保山市","2021","2022","-0.0008","不变","8330.53","7026.03"
"532300","雄楚彝族自治州","2013","2014","-0.0064","不变","11301.01","13026.07"
"532300","雄楚彝族自治州","2013","2015","0.1778","增加","23193.65","4140.2"
"532300","雄楚彝族自治州","2013","2016","0.2017","增加","24442.5","3043.46"
"532300","雄楚彝族自治州","2013","2017","0.2362","增加","25531.22","2152.24"
"532300","雄楚彝族自治州","2013","2018","0.2067","增加","24766.31","2753.98"
"532300","雄楚彝族自治州","2013","2019","0.1691","增加","23223.49","4055.35"
"532300","雄楚彝族自治州","2013","2020","0.1628","增加","23115.02","4112.12"
"532300","雄楚彝族自治州","2013","2021","0.2021","增加","24559.68","2961.33"
"532300","雄楚彝族自治州","2013","2022","0.2089","增加","24680.69","2836.08"
"532300","雄楚彝族自治州","2014","2015","0.1842","增加","23741.83","3674.66"
"532300","雄楚彝族自治州","2014","2016","0.2081","增加","24903.77","2660.66"
"532300","雄楚彝族自治州","2014","2017","0.2426","增加","25888.37","1862.52"
"532300","雄楚彝族自治州","2014","2018","0.2131","增加","25180.92","2418.87"
"532300","雄楚彝族自治州","2014","2019","0.1756","增加","23746.07","3607.32"
"532300","雄楚彝族自治州","2014","2020","0.1692","增加","23606.46","3700.43"
"532300","雄楚彝族自治州","2014","2021","0.2085","增加","24912.85","2680.34"
"532300","雄楚彝族自治州","2014","2022","0.2153","增加","25040.73","2548.81"
"532300","雄楚彝族自治州","2015","2016","0.024","增加","14855.38","9504.15"
"532300","雄楚彝族自治州","2015","2017","0.0585","增加","18254.74","7219.73"
"532300","雄楚彝族自治州","2015","2018","0.0289","增加","15147.67","10341.55"
"532300","雄楚彝族自治州","2015","2019","-0.0086","不变","12019.66","13783.55"
"532300","雄楚彝族自治州","2015","2020","-0.015","减少","11480.72","14291.29"
"532300","雄楚彝族自治州","2015","2021","0.0243","增加","15389.62","10438.44"
"532300","雄楚彝族自治州","2015","2022","0.0312","增加","15594.75","10240.62"
"532300","雄楚彝族自治州","2016","2017","0.0345","增加","16998.86","6827.46"
"532300","雄楚彝族自治州","2016","2018","0.005","不变","13073.55","11286.59"
"532300","雄楚彝族自治州","2016","2019","-0.0326","减少","9914.82","15678.92"
"532300","雄楚彝族自治州","2016","2020","-0.039","减少","9279.79","16304.2"
"532300","雄楚彝族自治州","2016","2021","0.0003","不变","13460.75","11914.15"
"532300","雄楚彝族自治州","2016","2022","0.0072","不变","13697.84","11716.82"
"532300","雄楚彝族自治州","2017","2018","-0.0295","减少","7662.45","15863.21"
"532300","雄楚彝族自治州","2017","2019","-0.0671","减少","6267.43","19276.23"
"532300","雄楚彝族自治州","2017","2020","-0.0735","减少","6247.85","19698.03"
"532300","雄楚彝族自治州","2017","2021","-0.0342","减少","9946.58","15344.53"
"532300","雄楚彝族自治州","2017","2022","-0.0273","减少","10210.09","15090.58"
"532300","雄楚彝族自治州","2018","2019","-0.0376","减少","7163.02","16852.31"
"532300","雄楚彝族自治州","2018","2020","-0.0439","减少","7389.95","17435.9"
"532300","雄楚彝族自治州","2018","2021","-0.0046","不变","12850.6","12272.31"
"532300","雄楚彝族自治州","2018","2022","0.0022","不变","13197.99","11984.41"
"532300","雄楚彝族自治州","2019","2020","-0.0064","不变","11391.14","12547.46"
"532300","雄楚彝族自治州","2019","2021","0.0329","增加","16431.52","9089.43"
"532300","雄楚彝族自治州","2019","2022","0.0398","增加","16703.84","8986"
"532300","雄楚彝族自治州","2020","2021","0.0247","增加","17285.11","7398.57"
"532300","雄楚彝族自治州","2020","2022","0.0291","增加","17509.84","7589.62"
"532300","雄楚彝族自治州","2021","2022","0.0043","不变","12222.54","10793.28"
"532900","大理白族自治州","2013","2014","0.0006","不变","12441.57","11394.8"
"532900","大理白族自治州","2013","2015","0.1376","增加","20716.55","6076.98"
"532900","大理白族自治州","2013","2016","0.1272","增加","20304.18","6516.22"
"532900","大理白族自治州","2013","2017","0.1981","增加","22896.1","4187.82"
"532900","大理白族自治州","2013","2018","0.1809","增加","23056.3","3884.34"
"532900","大理白族自治州","2013","2019","0.1699","增加","22826.58","3982.01"
"532900","大理白族自治州","2013","2020","0.1509","增加","22290.78","4458.88"
"532900","大理白族自治州","2013","2021","0.1887","增加","23600.29","3410.33"
"532900","大理白族自治州","2013","2022","0.1872","增加","23078.33","3942.07"
"532900","大理白族自治州","2014","2015","0.137","增加","20701.17","6076.59"
"532900","大理白族自治州","2014","2016","0.1266","增加","20263.26","6545.21"
"532900","大理白族自治州","2014","2017","0.1975","增加","22902.01","4182.14"
"532900","大理白族自治州","2014","2018","0.1803","增加","22937.87","4007.02"
"532900","大理白族自治州","2014","2019","0.1693","增加","22770.02","4049.69"
"532900","大理白族自治州","2014","2020","0.1504","增加","22130.08","4625.72"
"532900","大理白族自治州","2014","2021","0.1881","增加","23509.67","3497.1"
"532900","大理白族自治州","2014","2022","0.1866","增加","22998.57","4028.5"
"532900","大理白族自治州","2015","2016","-0.0104","减少","12908.01","11196.05"
"532900","大理白族自治州","2015","2017","0.0605","增加","17818.54","7568.65"
"532900","大理白族自治州","2015","2018","0.0433","增加","15604.61","10056.4"
"532900","大理白族自治州","2015","2019","0.0323","增加","14346.38","11226.74"
"532900","大理白族自治州","2015","2020","0.0133","增加","13166.53","12523.47"
"532900","大理白族自治州","2015","2021","0.0511","增加","15977.97","9736.75"
"532900","大理白族自治州","2015","2022","0.0496","增加","16110.45","9717.9"
"532900","大理白族自治州","2016","2017","0.0709","增加","17945.16","6687.9"
"532900","大理白族自治州","2016","2018","0.0537","增加","15856.51","9575.03"
"532900","大理白族自治州","2016","2019","0.0427","增加","14574.02","11041.56"
"532900","大理白族自治州","2016","2020","0.0237","增加","13373.77","12262.19"
"532900","大理白族自治州","2016","2021","0.0615","增加","16111.64","9576.42"
"532900","大理白族自治州","2016","2022","0.06","增加","16255.74","9570.13"
"532900","大理白族自治州","2017","2018","-0.0172","减少","9529.61","14543"
"532900","大理白族自治州","2017","2019","-0.0282","减少","8688.27","16174.79"
"532900","大理白族自治州","2017","2020","-0.0472","减少","8200.72","17491.18"
"532900","大理白族自治州","2017","2021","-0.0094","不变","10747.16","14559.82"
"532900","大理白族自治州","2017","2022","-0.0109","减少","11205.71","14157.29"
"532900","大理白族自治州","2018","2019","-0.0111","减少","9368.05","13583.96"
"532900","大理白族自治州","2018","2020","-0.03","减少","8936.57","15589.99"
"532900","大理白族自治州","2018","2021","0.0078","不变","12807.31","12043.8"
"532900","大理白族自治州","2018","2022","0.0063","不变","13236.28","11832.32"
"532900","大理白族自治州","2019","2020","-0.0189","减少","10211.31","13313.44"
"532900","大理白族自治州","2019","2021","0.0189","增加","14840.93","9711.63"
"532900","大理白族自治州","2019","2022","0.0173","增加","15109.29","10007.84"
"532900","大理白族自治州","2020","2021","0.0219","增加","16500.87","7462.76"
"532900","大理白族自治州","2020","2022","0.021","增加","16600.38","8235.68"
"532900","大理白族自治州","2021","2022","-0.0009","不变","12655.48","10487.48"
"533100","德宏傣族景颇族自治州","2013","2018","0.1336","增加","8482.93","2218.89"
"533100","德宏傣族景颇族自治州","2014","2015","0.0848","增加","7362.36","3320.81"
"533100","德宏傣族景颇族自治州","2014","2016","0.0805","增加","7274.03","3391.01"
"533100","德宏傣族景颇族自治州","2014","2017","0.1343","增加","8294.66","2422.66"
"533100","德宏傣族景颇族自治州","2014","2019","0.142","增加","8529.74","2194.01"
"533100","德宏傣族景颇族自治州","2014","2020","0.1894","增加","9455.94","1349.29"
"533100","德宏傣族景颇族自治州","2014","2021","0.193","增加","9530.87","1281.73"
"533100","德宏傣族景颇族自治州","2014","2022","0.1827","增加","9265.05","1548.17"
"533100","德宏傣族景颇族自治州","2015","2016","-0.0043","不变","4822.47","5023.16"
"533100","德宏傣族景颇族自治州","2015","2017","0.0495","增加","6187.89","3891.29"
"533100","德宏傣族景颇族自治州","2015","2019","0.0573","增加","6188.32","4175.97"
"533100","德宏傣族景颇族自治州","2015","2020","0.1046","增加","7277.16","3049.1"
"533100","德宏傣族景颇族自治州","2015","2021","0.1082","增加","7336.37","2994.95"
"533100","德宏傣族景颇族自治州","2015","2022","0.0979","增加","7182.47","3171.2"
"533100","德宏傣族景颇族自治州","2016","2017","0.0538","增加","6397.26","3328.39"
"533100","德宏傣族景颇族自治州","2016","2019","0.0615","增加","6335.45","4008.78"
"533100","德宏傣族景颇族自治州","2016","2020","0.1089","增加","7500.27","2880.26"
"533100","德宏傣族景颇族自治州","2016","2021","0.1125","增加","7572.88","2816.86"
"533100","德宏傣族景颇族自治州","2016","2022","0.1022","增加","7430.11","2967.34"
"533100","德宏傣族景颇族自治州","2017","2019","0.0078","不变","4998.65","5063.25"
"533100","德宏傣族景颇族自治州","2017","2020","0.0551","增加","6276.32","3820.08"
"533100","德宏傣族景颇族自治州","2017","2021","0.0588","增加","6412.16","3676.36"
"533100","德宏傣族景颇族自治州","2017","2022","0.0484","增加","6366.01","3757.78"
"533100","德宏傣族景颇族自治州","2019","2020","0.0474","增加","6681.84","2820.03"
"533100","德宏傣族景颇族自治州","2019","2021","0.051","增加","6721.8","3094.77"
"533100","德宏傣族景颇族自治州","2019","2022","0.0407","增加","6616.56","3439.05"
"533100","德宏傣族景颇族自治州","2020","2021","0.002","不变","4598.61","4303.71"
"533100","德宏傣族景颇族自治州","2020","2022","-0.0037","不变","4864.71","4500.85"
"533100","德宏傣族景颇族自治州","2021","2022","-0.0057","不变","4459.25","4334.68"
"533400","迪庆藏族自治州","2013","2014","0.0281","增加","11195.26","8605.95"
"533400","迪庆藏族自治州","2013","2015","0.1205","增加","15762.14","5510.12"
"533400","迪庆藏族自治州","2013","2016","0.126","增加","15961.04","5293.88"
"533400","迪庆藏族自治州","2013","2017","0.1462","增加","16679.92","4617.5"
"533400","迪庆藏族自治州","2013","2018","0.1468","增加","16815.03","4382.84"
"533400","迪庆藏族自治州","2013","2019","0.1272","增加","16125.56","4974.02"
"533400","迪庆藏族自治州","2013","2020","0.1314","增加","16283.29","4969.31"
"533400","迪庆藏族自治州","2013","2021","0.146","增加","16893.2","4475.92"
"533400","迪庆藏族自治州","2013","2022","0.1482","增加","16841.7","4554.47"
"533400","迪庆藏族自治州","2014","2015","0.0924","增加","15138.44","6007.66"
"533400","迪庆藏族自治州","2014","2016","0.0979","增加","15316.45","5768.29"
"533400","迪庆藏族自治州","2014","2017","0.1181","增加","16173.69","4988.81"
"533400","迪庆藏族自治州","2014","2018","0.1186","增加","16410.06","4574.82"
"533400","迪庆藏族自治州","2014","2019","0.099","增加","15471.95","5459.12"
"533400","迪庆藏族自治州","2014","2020","0.1033","增加","15528.37","5467.7"
"533400","迪庆藏族自治州","2014","2021","0.1179","增加","16291.68","4880.61"
"533400","迪庆藏族自治州","2014","2022","0.1201","增加","16370.47","4803.14"
"533400","迪庆藏族自治州","2015","2016","0.0055","不变","9368.33","9224.43"
"533400","迪庆藏族自治州","2015","2017","0.0258","增加","11700.94","7686.96"
"533400","迪庆藏族自治州","2015","2018","0.0263","增加","11011.69","9077.15"
"533400","迪庆藏族自治州","2015","2019","0.0067","不变","10118.57","10051.06"
"533400","迪庆藏族自治州","2015","2020","0.0109","增加","9536.29","10691.9"
"533400","迪庆藏族自治州","2015","2021","0.0255","增加","10838.91","9348.42"
"533400","迪庆藏族自治州","2015","2022","0.0277","增加","10924.72","9317.7"
"533400","迪庆藏族自治州","2016","2017","0.0202","增加","11748.66","6717.28"
"533400","迪庆藏族自治州","2016","2018","0.0207","增加","11048.63","8565.71"
"533400","迪庆藏族自治州","2016","2019","0.0011","不变","10088.24","9877.28"
"533400","迪庆藏族自治州","2016","2020","0.0054","不变","9378.75","10615.99"
"533400","迪庆藏族自治州","2016","2021","0.02","增加","10779.21","9183.43"
"533400","迪庆藏族自治州","2016","2022","0.0222","增加","10930.97","9092.6"
"533400","迪庆藏族自治州","2017","2018","0.0005","不变","8913.06","10335.55"
"533400","迪庆藏族自治州","2017","2019","-0.0191","减少","8162.22","11594.41"
"533400","迪庆藏族自治州","2017","2020","-0.0148","减少","7674.1","12541.44"
"533400","迪庆藏族自治州","2017","2021","-0.0002","不变","8913.16","11125.79"
"533400","迪庆藏族自治州","2017","2022","0.002","不变","9102.76","11040.74"
"533400","迪庆藏族自治州","2018","2019","-0.0196","减少","7712.68","10617.14"
"533400","迪庆藏族自治州","2018","2020","-0.0154","减少","7507.82","11708.24"
"533400","迪庆藏族自治州","2018","2021","-0.0008","不变","9609.83","10181.48"
"533400","迪庆藏族自治州","2018","2022","0.0015","不变","9603.99","10160.24"
"533400","迪庆藏族自治州","2019","2020","0.0042","不变","8687.88","10177.9"
"533400","迪庆藏族自治州","2019","2021","0.0188","增加","10677.36","9082.44"
"533400","迪庆藏族自治州","2019","2022","0.0211","增加","10834.94","9121.03"
"533400","迪庆藏族自治州","2020","2021","0.0078","不变","11590.01","7272.94"
"533400","迪庆藏族自治州","2020","2022","0.009","不变","11628.48","7484.51"
"533400","迪庆藏族自治州","2021","2022","0.0012","不变","8919.58","9227.55"
"532500","红河哈尼族彝族自治州","2013","2014","-0.0122","减少","12651.34","15567.47"
"532500","红河哈尼族彝族自治州","2013","2015","0.1165","增加","21514.1","8420.36"
"532500","红河哈尼族彝族自治州","2013","2016","0.1307","增加","22406.3","7575.49"
"532500","红河哈尼族彝族自治州","2013","2017","0.1429","增加","23118.7","6787.35"
"532500","红河哈尼族彝族自治州","2013","2018","0.135","增加","22663.09","7300.79"
"532500","红河哈尼族彝族自治州","2013","2019","0.1173","增加","21884.93","8077.57"
"532500","红河哈尼族彝族自治州","2013","2020","0.1238","增加","22131.68","7870.57"
"532500","红河哈尼族彝族自治州","2013","2021","0.1325","增加","23105.4","6774.04"
"532500","红河哈尼族彝族自治州","2013","2022","0.1447","增加","23390.73","6487.46"
"532500","红河哈尼族彝族自治州","2014","2015","0.1287","增加","24040.37","6020.63"
"532500","红河哈尼族彝族自治州","2014","2016","0.1429","增加","24988","5198.25"
"532500","红河哈尼族彝族自治州","2014","2017","0.1552","增加","25632.96","4650.28"
"532500","红河哈尼族彝族自治州","2014","2018","0.1472","增加","25055.36","5268.54"
"532500","红河哈尼族彝族自治州","2014","2019","0.1296","增加","24223.15","6035.41"
"532500","红河哈尼族彝族自治州","2014","2020","0.1361","增加","24400.44","5897.7"
"532500","红河哈尼族彝族自治州","2014","2021","0.1448","增加","25311.22","5063.95"
"532500","红河哈尼族彝族自治州","2014","2022","0.1569","增加","25472.27","4994.79"
"532500","红河哈尼族彝族自治州","2015","2016","0.0142","增加","15694.14","10435.18"
"532500","红河哈尼族彝族自治州","2015","2017","0.0265","增加","17663.64","9836.92"
"532500","红河哈尼族彝族自治州","2015","2018","0.0185","增加","16971.88","11520.74"
"532500","红河哈尼族彝族自治州","2015","2019","0.0009","不变","15637.34","12911.9"
"532500","红河哈尼族彝族自治州","2015","2020","0.0074","不变","16244.32","12390.57"
"532500","红河哈尼族彝族自治州","2015","2021","0.0161","增加","17500.23","11243.15"
"532500","红河哈尼族彝族自治州","2015","2022","0.0282","增加","18785.47","10275.41"
"532500","红河哈尼族彝族自治州","2016","2017","0.0123","增加","15664","10382.38"
"532500","红河哈尼族彝族自治州","2016","2018","0.0043","不变","15420.27","12332.19"
"532500","红河哈尼族彝族自治州","2016","2019","-0.0134","减少","14158.91","14027.1"
"532500","红河哈尼族彝族自治州","2016","2020","-0.0068","不变","14804.09","13481.01"
"532500","红河哈尼族彝族自治州","2016","2021","0.0019","不变","16128.48","12232.69"
"532500","红河哈尼族彝族自治州","2016","2022","0.014","增加","17712.35","11043.32"
"532500","红河哈尼族彝族自治州","2017","2018","-0.008","不变","13390.82","13428.56"
"532500","红河哈尼族彝族自治州","2017","2019","-0.0256","减少","12330.14","15377.15"
"532500","红河哈尼族彝族自治州","2017","2020","-0.0191","减少","13248.06","14906.44"
"532500","红河哈尼族彝族自治州","2017","2021","-0.0104","减少","14562.34","13530.09"
"532500","红河哈尼族彝族自治州","2017","2022","0.0017","不变","16307.73","12101.1"
"532500","红河哈尼族彝族自治州","2018","2019","-0.0177","减少","11403.55","15127.03"
"532500","红河哈尼族彝族自治州","2018","2020","-0.0112","减少","12976.88","14460.12"
"532500","红河哈尼族彝族自治州","2018","2021","-0.0024","不变","14789.84","13294.61"
"532500","红河哈尼族彝族自治州","2018","2022","0.0097","不变","16535.5","11872.45"
"532500","红河哈尼族彝族自治州","2019","2020","0.0065","不变","13865.78","12010.53"
"532500","红河哈尼族彝族自治州","2019","2021","0.0152","增加","16201.93","11303.8"
"532500","红河哈尼族彝族自治州","2019","2022","0.0273","增加","17784.2","10792.84"
"532500","红河哈尼族彝族自治州","2020","2021","0.0043","不变","15328.2","11390.56"
"532500","红河哈尼族彝族自治州","2020","2022","0.0103","增加","17094.08","10968.08"
"532500","红河哈尼族彝族自治州","2021","2022","0.006","不变","15819.95","10566.07"
"530100","昆明市","2013","2014","-0.0136","减少","7740.81","10163.92"
"530100","昆明市","2013","2015","0.1547","增加","16147.5","3398.48"
"530100","昆明市","2013","2016","0.1674","增加","16688.13","2941.6"
"530100","昆明市","2013","2017","0.1787","增加","16935.45","2765.02"
"530100","昆明市","2013","2018","0.1755","增加","16809.88","2871.18"
"530100","昆明市","2013","2019","0.1656","增加","16586.02","3070.43"
"530100","昆明市","2013","2020","0.1657","增加","16512.24","3154.7"
"530100","昆明市","2013","2021","0.1664","增加","16423.12","3285.79"
"530100","昆明市","2013","2022","0.1374","增加","15194.37","4472.92"
"530100","昆明市","2014","2015","0.1682","增加","17006.04","2624.85"
"530100","昆明市","2014","2016","0.181","增加","17489.19","2242.61"
"530100","昆明市","2014","2017","0.1923","增加","17673.55","2128.37"
"530100","昆明市","2014","2018","0.1891","增加","17513.15","2270.03"
"530100","昆明市","2014","2019","0.1792","增加","17329.38","2423.95"
"530100","昆明市","2014","2020","0.1793","增加","17217.74","2538.31"
"530100","昆明市","2014","2021","0.18","增加","17088.93","2724.56"
"530100","昆明市","2014","2022","0.151","增加","15825.24","3922.4"
"530100","昆明市","2015","2016","0.0127","增加","10287.74","6553.52"
"530100","昆明市","2015","2017","0.024","增加","11420.05","6414.39"
"530100","昆明市","2015","2018","0.0209","增加","10942.59","7271.57"
"530100","昆明市","2015","2019","0.011","增加","10248.36","7934.51"
"530100","昆明市","2015","2020","0.011","增加","10289.08","7984.53"
"530100","昆明市","2015","2021","0.0117","增加","11024.02","7482.38"
"530100","昆明市","2015","2022","-0.0173","减少","9645.91","9152.38"
"530100","昆明市","2016","2017","0.0113","增加","9971.92","6877.22"
"530100","昆明市","2016","2018","0.0081","不变","9720.41","8017"
"530100","昆明市","2016","2019","-0.0018","不变","8969.64","8941.32"
"530100","昆明市","2016","2020","-0.0017","不变","9087.13","8955.49"
"530100","昆明市","2016","2021","-0.001","不变","10040.37","8182.43"
"530100","昆明市","2016","2022","-0.03","减少","8851.73","9809.22"
"530100","昆明市","2017","2018","-0.0032","不变","8198.63","9004.64"
"530100","昆明市","2017","2019","-0.0131","减少","7663.33","9968.62"
"530100","昆明市","2017","2020","-0.013","减少","7966.93","10022.28"
"530100","昆明市","2017","2021","-0.0123","减少","8975.56","9098.51"
"530100","昆明市","2017","2022","-0.0413","减少","8022.87","10576.84"
"530100","昆明市","2018","2019","-0.0099","不变","7078.88","9328.95"
"530100","昆明市","2018","2020","-0.0098","不变","7712.88","9379.49"
"530100","昆明市","2018","2021","-0.0091","不变","9380.09","8570.38"
"530100","昆明市","2018","2022","-0.0381","减少","8437.57","10074.5"
"530100","昆明市","2019","2020","1e-04","不变","8411.46","7795.94"
"530100","昆明市","2019","2021","0.0008","不变","10191.12","7409.95"
"530100","昆明市","2019","2022","-0.0283","减少","9061.59","9453.54"
"530100","昆明市","2020","2021","0.0004","不变","9893.38","7266.35"
"530100","昆明市","2020","2022","-0.0166","减少","8866.61","9402.59"
"530100","昆明市","2021","2022","-0.017","减少","7610.46","9742.03"
"530700","丽江市","2013","2014","0.0156","增加","10661.55","6812.82"
"530700","丽江市","2013","2015","0.1328","增加","15247.7","4135.41"
"530700","丽江市","2013","2016","0.1342","增加","15382.98","4048.17"
"530700","丽江市","2013","2017","0.2073","增加","17406.28","2312.01"
"530700","丽江市","2013","2018","0.1561","增加","16337.19","3143.2"
"530700","丽江市","2013","2019","0.157","增加","16776.35","2682.02"
"530700","丽江市","2013","2020","0.1578","增加","16844.07","2630.37"
"530700","丽江市","2013","2021","0.1932","增加","17790.95","1880.95"
"530700","丽江市","2013","2022","0.1926","增加","17519.62","2136.31"
"530700","丽江市","2014","2015","0.1172","增加","14734.13","4536.34"
"530700","丽江市","2014","2016","0.1186","增加","14863.46","4456.79"
"530700","丽江市","2014","2017","0.1917","增加","17166.37","2478.35"
"530700","丽江市","2014","2018","0.1405","增加","15866.51","3504.13"
"530700","丽江市","2014","2019","0.1414","增加","16300.97","3023.17"
"530700","丽江市","2014","2020","0.1422","增加","16347.69","2986.52"
"530700","丽江市","2014","2021","0.1776","增加","17506.96","2045.62"
"530700","丽江市","2014","2022","0.177","增加","17220.82","2326.57"
"530700","丽江市","2015","2016","0.0014","不变","9620.55","7829.33"
"530700","丽江市","2015","2017","0.0745","增加","13556.68","4840.14"
"530700","丽江市","2015","2018","0.0233","增加","10641.39","7857.95"
"530700","丽江市","2015","2019","0.0241","增加","10340.93","8097.08"
"530700","丽江市","2015","2020","0.025","增加","10485.48","7998.16"
"530700","丽江市","2015","2021","0.0603","增加","12596.46","5995.26"
"530700","丽江市","2015","2022","0.0597","增加","12534.44","6122.15"
"530700","丽江市","2016","2017","0.0731","增加","13725.48","4045.2"
"530700","丽江市","2016","2018","0.0219","增加","10393.74","7732.55"
"530700","丽江市","2016","2019","0.0228","增加","10016.25","8384.02"
"530700","丽江市","2016","2020","0.0236","增加","10156.17","8259.26"
"530700","丽江市","2016","2021","0.0589","增加","12354.41","6160.96"
"530700","丽江市","2016","2022","0.0583","增加","12284.28","6288.29"
"530700","丽江市","2017","2018","-0.0512","减少","5046.55","12376.71"
"530700","丽江市","2017","2019","-0.0503","减少","5224.69","12853.66"
"530700","丽江市","2017","2020","-0.0495","减少","5619.68","12818.31"
"530700","丽江市","2017","2021","-0.0141","减少","7585.93","10554.55"
"530700","丽江市","2017","2022","-0.0147","减少","7786.85","10433.01"
"530700","丽江市","2018","2019","0.0009","不变","8004","8812.71"
"530700","丽江市","2018","2020","0.0017","不变","8636.86","9029.1"
"530700","丽江市","2018","2021","0.037","增加","11430.9","6585.02"
"530700","丽江市","2018","2022","0.0364","增加","11372.01","6769.38"
"530700","丽江市","2019","2020","0.0008","不变","8818.16","8081.6"
"530700","丽江市","2019","2021","0.0362","增加","12213","5495.38"
"530700","丽江市","2019","2022","0.0356","增加","12079.52","5948.15"
"530700","丽江市","2020","2021","0.0162","增加","12300.18","4710.75"
"530700","丽江市","2020","2022","0.0159","增加","12301.2","5242.26"
"530700","丽江市","2021","2022","-0.0003","不变","8597.8","7632.58"
"530900","临沧市","2013","2014","0.002","不变","10402.05","10502.97"
"530900","临沧市","2013","2015","0.1547","增加","18284.85","4327.56"
"530900","临沧市","2013","2016","0.1186","增加","17082.99","5518.03"
"530900","临沧市","2013","2017","0.1491","增加","17732.02","5043.26"
"530900","临沧市","2013","2018","0.1428","增加","17842.94","4850.94"
"530900","临沧市","2013","2019","0.1529","增加","18375.05","4269.62"
"530900","临沧市","2013","2020","0.1461","增加","18155.51","4436.49"
"530900","临沧市","2013","2021","0.1894","增加","19425.81","3306.95"
"530900","临沧市","2013","2022","0.1698","增加","18424.39","4341.36"
"530900","临沧市","2014","2015","0.1527","增加","18188.14","4411.88"
"530900","临沧市","2014","2016","0.1167","增加","16917.43","5697.25"
"530900","临沧市","2014","2017","0.1471","增加","17633.48","5178.36"
"530900","临沧市","2014","2018","0.1408","增加","17699.52","4993.04"
"530900","临沧市","2014","2019","0.1509","增加","18276.53","4365.25"
"530900","临沧市","2014","2020","0.1441","增加","18009.24","4561.8"
"530900","临沧市","2014","2021","0.1875","增加","19336.58","3383.71"
"530900","临沧市","2014","2022","0.1678","增加","18285.55","4462.65"
"530900","临沧市","2015","2016","-0.036","减少","9212.91","11133.64"
"530900","临沧市","2015","2017","-0.0055","不变","12099.57","9132.86"
"530900","临沧市","2015","2018","-0.0119","减少","11135","10415.28"
"530900","临沧市","2015","2019","-0.0017","不变","11015.85","10506.16"
"530900","临沧市","2015","2020","-0.0086","不变","10442.5","11179.69"
"530900","临沧市","2015","2021","0.0348","增加","12527.62","8978.46"
"530900","临沧市","2015","2022","0.0152","增加","11988.95","9667.58"
"530900","临沧市","2016","2017","0.0305","增加","12665.9","7562.14"
"530900","临沧市","2016","2018","0.0241","增加","12148.51","9188.16"
"530900","临沧市","2016","2019","0.0343","增加","12227.25","9384.52"
"530900","临沧市","2016","2020","0.0274","增加","11788.56","9899.31"
"530900","临沧市","2016","2021","0.0708","增加","13770.17","7803.24"
"530900","临沧市","2016","2022","0.0512","增加","13190.05","8531.97"
"530900","临沧市","2017","2018","-0.0063","不变","9259.4","11006.85"
"530900","临沧市","2017","2019","0.0038","不变","9453.15","11630.19"
"530900","临沧市","2017","2020","-0.003","不变","9291.54","12367.16"
"530900","临沧市","2017","2021","0.0403","增加","10996.94","10355.36"
"530900","临沧市","2017","2022","0.0207","增加","10734.54","10752.53"
"530900","临沧市","2018","2019","0.0101","增加","9972.05","10214.71"
"530900","临沧市","2018","2020","0.0033","不变","9722.02","11358.73"
"530900","临沧市","2018","2021","0.0466","增加","12056.56","9273.47"
"530900","临沧市","2018","2022","0.027","增加","11666.32","9841.52"
"530900","临沧市","2019","2020","-0.0068","不变","9084.71","10813.29"
"530900","临沧市","2019","2021","0.0365","增加","12547.95","8283.65"
"530900","临沧市","2019","2022","0.0169","增加","12026.87","9475"
"530900","临沧市","2020","2021","0.0247","增加","13180.1","7270.46"
"530900","临沧市","2020","2022","0.0135","增加","12476.1","8839.19"
"530900","临沧市","2021","2022","-0.0112","减少","9878.43","9847.83"
"533300","怒江傈僳族自治州","2013","2014","0.0133","增加","6255.56","5787"
"533300","怒江傈僳族自治州","2013","2015","0.0589","增加","8090.48","4983.46"
"533300","怒江傈僳族自治州","2013","2016","0.0764","增加","8470.49","4675.93"
"533300","怒江傈僳族自治州","2013","2017","0.0897","增加","8829.43","4245.78"
"533300","怒江傈僳族自治州","2013","2018","0.0936","增加","8950.65","4153.05"
"533300","怒江傈僳族自治州","2013","2019","0.0599","增加","8294.43","4789.88"
"533300","怒江傈僳族自治州","2013","2020","0.0887","增加","8712.07","4470.13"
"533300","怒江傈僳族自治州","2013","2021","0.1166","增加","9233.12","3867.41"
"533300","怒江傈僳族自治州","2013","2022","0.1187","增加","9208.61","3953.79"
"533300","怒江傈僳族自治州","2014","2015","0.0455","增加","7842.12","5138.47"
"533300","怒江傈僳族自治州","2014","2016","0.0631","增加","8183.59","4853.55"
"533300","怒江傈僳族自治州","2014","2017","0.0764","增加","8596.23","4388.67"
"533300","怒江傈僳族自治州","2014","2018","0.0803","增加","8611.68","4403.62"
"533300","怒江傈僳族自治州","2014","2019","0.0466","增加","7990.74","5015.75"
"533300","怒江傈僳族自治州","2014","2020","0.0754","增加","8391.09","4707.2"
"533300","怒江傈僳族自治州","2014","2021","0.1033","增加","8961.85","4034.86"
"533300","怒江傈僳族自治州","2014","2022","0.1054","增加","8919.22","4155.92"
"533300","怒江傈僳族自治州","2015","2016","0.0175","增加","6509.51","4804.5"
"533300","怒江傈僳族自治州","2015","2017","0.0308","增加","7054.34","4824.88"
"533300","怒江傈僳族自治州","2015","2018","0.0347","增加","6847.36","5608.42"
"533300","怒江傈僳族自治州","2015","2019","0.001","不变","6195.39","6352.65"
"533300","怒江傈僳族自治州","2015","2020","0.0298","增加","6366.14","6229.88"
"533300","怒江傈僳族自治州","2015","2021","0.0577","增加","7046.13","5412.5"
"533300","怒江傈僳族自治州","2015","2022","0.0599","增加","7011.08","5535.81"
"533300","怒江傈僳族自治州","2016","2017","0.0133","增加","6299.06","5057.91"
"533300","怒江傈僳族自治州","2016","2018","0.0172","增加","6393.29","5804.52"
"533300","怒江傈僳族自治州","2016","2019","-0.0165","减少","5915.39","6681.6"
"533300","怒江傈僳族自治州","2016","2020","0.0123","增加","5963.67","6588.65"
"533300","怒江傈僳族自治州","2016","2021","0.0402","增加","6677.71","5728.77"
"533300","怒江傈僳族自治州","2016","2022","0.0423","增加","6609.51","5847.37"
"533300","怒江傈僳族自治州","2017","2018","0.0039","不变","5580.8","6291.62"
"533300","怒江傈僳族自治州","2017","2019","-0.0298","减少","5166.33","7188.81"
"533300","怒江傈僳族自治州","2017","2020","-0.001","不变","5236.83","7305.21"
"533300","怒江傈僳族自治州","2017","2021","0.0269","增加","5951.41","6392.87"
"533300","怒江傈僳族自治州","2017","2022","0.0291","增加","5953.82","6530.16"
"533300","怒江傈僳族自治州","2018","2019","-0.0337","减少","4652.63","6665.35"
"533300","怒江傈僳族自治州","2018","2020","-0.0049","不变","5091.9","6720.75"
"533300","怒江傈僳族自治州","2018","2021","0.023","增加","6305.61","5943.45"
"533300","怒江傈僳族自治州","2018","2022","0.0251","增加","6276.29","6086.73"
"533300","怒江傈僳族自治州","2019","2020","0.0288","增加","6045.94","5506.24"
"533300","怒江傈僳族自治州","2019","2021","0.0567","增加","7160.84","5148.68"
"533300","怒江傈僳族自治州","2019","2022","0.0588","增加","7171.45","5373.39"
"533300","怒江傈僳族自治州","2020","2021","0.009","不变","6848.71","4667.27"
"533300","怒江傈僳族自治州","2020","2022","0.0097","不变","6889.54","4947.63"
"533300","怒江傈僳族自治州","2021","2022","0.0007","不变","5332.64","5603.22"
"530800","普洱市","2013","2014","0.0067","不变","21070.92","18561.12"
"530800","普洱市","2013","2015","0.176","增加","35888.16","6588.85"
"530800","普洱市","2013","2016","0.1748","增加","36100.42","6423.8"
"530800","普洱市","2013","2017","0.1774","增加","35840.04","6762.61"
"530800","普洱市","2013","2018","0.16","增加","35154.4","7309.06"
"530800","普洱市","2013","2019","0.1517","增加","34549.73","7785.28"
"530800","普洱市","2013","2020","0.1601","增加","34903.4","7459.49"
"530800","普洱市","2013","2021","0.1982","增加","37498.76","5075.22"
"530800","普洱市","2013","2022","0.202","增加","37426.06","5165.88"
"530800","普洱市","2014","2015","0.1693","增加","35885.96","6562.19"
"530800","普洱市","2014","2016","0.1681","增加","36051.61","6475.84"
"530800","普洱市","2014","2017","0.1707","增加","35953.37","6701.13"
"530800","普洱市","2014","2018","0.1533","增加","35133.65","7335.2"
"530800","普洱市","2014","2019","0.1451","增加","34547.73","7781.72"
"530800","普洱市","2014","2020","0.1535","增加","34885.71","7460.62"
"530800","普洱市","2014","2021","0.1915","增加","37519.74","5095.37"
"530800","普洱市","2014","2022","0.1953","增加","37395.76","5243.8"
"530800","普洱市","2015","2016","-0.0012","不变","19048.9","18232.27"
"530800","普洱市","2015","2017","0.0014","不变","21029.24","17752.89"
"530800","普洱市","2015","2018","-0.016","减少","18781.88","20833.4"
"530800","普洱市","2015","2019","-0.0243","减少","17673.98","22186.72"
"530800","普洱市","2015","2020","-0.0159","减少","18606.25","21418.39"
"530800","普洱市","2015","2021","0.0222","增加","22391.83","17090.83"
"530800","普洱市","2015","2022","0.026","增加","22741.51","16822.13"
"530800","普洱市","2016","2017","0.0026","不变","20306.2","16306.68"
"530800","普洱市","2016","2018","-0.0148","减少","18093.31","20341.64"
"530800","普洱市","2016","2019","-0.023","减少","17460.14","22200.53"
"530800","普洱市","2016","2020","-0.0146","减少","18425.9","21399.17"
"530800","普洱市","2016","2021","0.0234","增加","22475.8","16707.72"
"530800","普洱市","2016","2022","0.0272","增加","22964.26","16393.43"
"530800","普洱市","2017","2018","-0.0174","减少","15613.38","21598.29"
"530800","普洱市","2017","2019","-0.0256","减少","15512.14","23548.45"
"530800","普洱市","2017","2020","-0.0172","减少","17038.24","22816.94"
"530800","普洱市","2017","2021","0.0208","增加","20847.94","18311.37"
"530800","普洱市","2017","2022","0.0246","增加","21505.65","17790.25"
"530800","普洱市","2018","2019","-0.0083","不变","16490.98","20561.45"
"530800","普洱市","2018","2020","1e-04","不变","18286.32","20335.32"
"530800","普洱市","2018","2021","0.0382","增加","23667.38","15622.88"
"530800","普洱市","2018","2022","0.042","增加","24289.16","15221.1"
"530800","普洱市","2019","2020","0.0084","不变","19082.71","18133.93"
"530800","普洱市","2019","2021","0.0465","增加","25351.97","13783.84"
"530800","普洱市","2019","2022","0.0502","增加","25657.5","14106.41"
"530800","普洱市","2020","2021","0.0167","增加","24099.07","14177.23"
"530800","普洱市","2020","2022","0.0184","增加","24399.12","14840.49"
"530800","普洱市","2021","2022","0.0017","不变","19682.55","16542.1"
"530300","曲靖市","2013","2014","-0.0009","不变","12290.49","12515.14"
"530300","曲靖市","2013","2015","0.1703","增加","23349.71","4024.03"
"530300","曲靖市","2013","2016","0.1756","增加","23851.5","3627.74"
"530300","曲靖市","2013","2017","0.187","增加","24600.09","3025.46"
"530300","曲靖市","2013","2018","0.18","增加","24403.82","3189.72"
"530300","曲靖市","2013","2019","0.1741","增加","24114.69","3463.74"
"530300","曲靖市","2013","2020","0.1867","增加","24444.66","3177.8"
"530300","曲靖市","2013","2021","0.1843","增加","24190.37","3478.25"
"530300","曲靖市","2013","2022","0.1674","增加","23235.32","4253.72"
"530300","曲靖市","2014","2015","0.1712","增加","23751.12","3668.18"
"530300","曲靖市","2014","2016","0.1765","增加","24261.08","3275.98"
"530300","曲靖市","2014","2017","0.188","增加","24921.17","2753.32"
"530300","曲靖市","2014","2018","0.1809","增加","24706.3","2926.31"
"530300","曲靖市","2014","2019","0.175","增加","24384.64","3230.18"
"530300","曲靖市","2014","2020","0.1876","增加","24705.38","2957.03"
"530300","曲靖市","2014","2021","0.1852","增加","24405.65","3292.22"
"530300","曲靖市","2014","2022","0.1683","增加","23548.71","3993.38"
"530300","曲靖市","2015","2016","0.0053","不变","13454.79","9967.77"
"530300","曲靖市","2015","2017","0.0168","增加","15868.69","8904.29"
"530300","曲靖市","2015","2018","0.0097","不变","15313.53","10126.69"
"530300","曲靖市","2015","2019","0.0038","不变","15898.3","9789.86"
"530300","曲靖市","2015","2020","0.0164","增加","16449.38","9307.12"
"530300","曲靖市","2015","2021","0.014","增加","15842.1","9985.24"
"530300","曲靖市","2015","2022","-0.0029","不变","14060.39","11793.92"
"530300","曲靖市","2016","2017","0.0115","增加","14316.9","9093.39"
"530300","曲靖市","2016","2018","0.0044","不变","14113.38","10593.59"
"530300","曲靖市","2016","2019","-0.0015","不变","14971.51","10290.4"
"530300","曲靖市","2016","2020","0.0111","增加","15583.99","9768.53"
"530300","曲靖市","2016","2021","0.0087","不变","14989.79","10477.09"
"530300","曲靖市","2016","2022","-0.0082","不变","13096.8","12503.7"
"530300","曲靖市","2017","2018","-0.007","不变","11162.85","12310.56"
"530300","曲靖市","2017","2019","-0.013","减少","12507.13","11727.35"
"530300","曲靖市","2017","2020","-0.0003","不变","13284.55","11427.89"
"530300","曲靖市","2017","2021","-0.0028","不变","12928.56","12009.73"
"530300","曲靖市","2017","2022","-0.0197","减少","11187.98","14151.02"
"530300","曲靖市","2018","2019","-0.0059","不变","12295.47","10620.84"
"530300","曲靖市","2018","2020","0.0067","不变","13394.01","10401.79"
"530300","曲靖市","2018","2021","0.0043","不变","13544.1","11290.21"
"530300","曲靖市","2018","2022","-0.0126","减少","11796.18","13431.02"
"530300","曲靖市","2019","2020","0.0126","增加","12258.76","10166.99"
"530300","曲靖市","2019","2021","0.0102","增加","13087.88","11191.38"
"530300","曲靖市","2019","2022","-0.0067","不变","11477.23","13781.53"
"530300","曲靖市","2020","2021","-0.0013","不变","12058.4","11724.07"
"530300","曲靖市","2020","2022","-0.0106","减少","10517.62","14518.46"
"530300","曲靖市","2021","2022","-0.0093","不变","10243.89","13738.02"
"532600","文山壮族苗族自治州","2013","2014","0.0063","不变","14676.43","12787.4"
"532600","文山壮族苗族自治州","2013","2015","0.1607","增加","23438.68","5907.26"
"532600","文山壮族苗族自治州","2013","2016","0.1648","增加","23311.62","6005.38"
"532600","文山壮族苗族自治州","2013","2017","0.169","增加","23604.25","5572.62"
"532600","文山壮族苗族自治州","2013","2018","0.1491","增加","22815.28","6433.3"
"532600","文山壮族苗族自治州","2013","2019","0.152","增加","22900.49","6307.06"
"532600","文山壮族苗族自治州","2013","2020","0.1582","增加","23103.89","6122.57"
"532600","文山壮族苗族自治州","2013","2021","0.1624","增加","23414.4","5831.03"
"532600","文山壮族苗族自治州","2013","2022","0.1609","增加","23199.6","6043.24"
"532600","文山壮族苗族自治州","2014","2015","0.1544","增加","24641.8","4771.61"
"532600","文山壮族苗族自治州","2014","2016","0.1585","增加","24552.91","4884.39"
"532600","文山壮族苗族自治州","2014","2017","0.1627","增加","24828.53","4607.12"
"532600","文山壮族苗族自治州","2014","2018","0.1428","增加","23876.31","5539.79"
"532600","文山壮族苗族自治州","2014","2019","0.1456","增加","23899.36","5523.59"
"532600","文山壮族苗族自治州","2014","2020","0.1518","增加","24104.49","5337.31"
"532600","文山壮族苗族自治州","2014","2021","0.156","增加","24451.32","5008.06"
"532600","文山壮族苗族自治州","2014","2022","0.1546","增加","24257.99","5177.5"
"532600","文山壮族苗族自治州","2015","2016","0.0041","不变","13468.54","11348.84"
"532600","文山壮族苗族自治州","2015","2017","0.0083","不变","14804.59","11202.08"
"532600","文山壮族苗族自治州","2015","2018","-0.0116","减少","13050.83","13922.43"
"532600","文山壮族苗族自治州","2015","2019","-0.0088","不变","13680.79","13498.65"
"532600","文山壮族苗族自治州","2015","2020","-0.0026","不变","14166.34","13033.49"
"532600","文山壮族苗族自治州","2015","2021","0.0016","不变","14715.95","12349.52"
"532600","文山壮族苗族自治州","2015","2022","0.0002","不变","14270.95","12871.32"
"532600","文山壮族苗族自治州","2016","2017","0.0042","不变","13610.83","10981.25"
"532600","文山壮族苗族自治州","2016","2018","-0.0157","减少","12421.52","13935.46"
"532600","文山壮族苗族自治州","2016","2019","-0.0129","减少","13416.39","13572.33"
"532600","文山壮族苗族自治州","2016","2020","-0.0067","不变","13861.63","13113.49"
"532600","文山壮族苗族自治州","2016","2021","-0.0025","不变","14384.18","12475.84"
"532600","文山壮族苗族自治州","2016","2022","-0.0039","不变","13884.79","13050.15"
"532600","文山壮族苗族自治州","2017","2018","-0.0199","减少","11117.68","14415.14"
"532600","文山壮族苗族自治州","2017","2019","-0.017","减少","12446.11","13996.44"
"532600","文山壮族苗族自治州","2017","2020","-0.0108","减少","12938.92","13717.15"
"532600","文山壮族苗族自治州","2017","2021","-0.0066","不变","13429.26","13144.3"
"532600","文山壮族苗族自治州","2017","2022","-0.0081","不变","12868.76","13815.8"
"532600","文山壮族苗族自治州","2018","2019","0.0028","不变","13802.88","11732.11"
"532600","文山壮族苗族自治州","2018","2020","0.009","不变","14581.8","11603.44"
"532600","文山壮族苗族自治州","2018","2021","0.0132","增加","15190.09","11444.7"
"532600","文山壮族苗族自治州","2018","2022","0.0118","增加","14562.42","12130.3"
"532600","文山壮族苗族自治州","2019","2020","0.0062","不变","13122.09","11414.32"
"532600","文山壮族苗族自治州","2019","2021","0.0104","增加","14244.65","11806.7"
"532600","文山壮族苗族自治州","2019","2022","0.009","不变","13813.81","12890.19"
"532600","文山壮族苗族自治州","2020","2021","0.0025","不变","13354.41","11768.62"
"532600","文山壮族苗族自治州","2020","2022","0.0016","不变","13076.99","13089.54"
"532600","文山壮族苗族自治州","2021","2022","-0.0008","不变","11988.9","12983.57"
"532800","西双版纳傣族自治州","2013","2014","-0.0076","不变","7528.82","8389.85"
"532800","西双版纳傣族自治州","2013","2015","0.1063","增加","12525.73","4352.15"
"532800","西双版纳傣族自治州","2013","2016","0.0972","增加","12219.28","5181.38"
"532800","西双版纳傣族自治州","2013","2017","0.0899","增加","11916.68","5770.6"
"532800","西双版纳傣族自治州","2013","2018","0.0807","增加","11706.2","6017.94"
"532800","西双版纳傣族自治州","2013","2019","0.0814","增加","11598.37","6098.88"
"532800","西双版纳傣族自治州","2013","2020","0.0798","增加","11709.75","5857.35"
"532800","西双版纳傣族自治州","2013","2021","0.0988","增加","12352.39","5046.83"
"532800","西双版纳傣族自治州","2013","2022","0.1105","增加","12795.15","4344.25"
"532800","西双版纳傣族自治州","2014","2015","0.1138","增加","13373.04","3725.61"
"532800","西双版纳傣族自治州","2014","2016","0.1048","增加","12995.66","4505.79"
"532800","西双版纳傣族自治州","2014","2017","0.0975","增加","12666","5068.26"
"532800","西双版纳傣族自治州","2014","2018","0.0883","增加","12420.64","5348.79"
"532800","西双版纳傣族自治州","2014","2019","0.089","增加","12314.49","5458.28"
"532800","西双版纳傣族自治州","2014","2020","0.0874","增加","12417.79","5276.39"
"532800","西双版纳傣族自治州","2014","2021","0.1064","增加","13065.46","4503.2"
"532800","西双版纳傣族自治州","2014","2022","0.1181","增加","13554.84","3829.52"
"532800","西双版纳傣族自治州","2015","2016","-0.009","不变","6353.85","9042.12"
"532800","西双版纳傣族自治州","2015","2017","-0.0163","减少","6230.97","10101.34"
"532800","西双版纳傣族自治州","2015","2018","-0.0255","减少","6286.79","10545.86"
"532800","西双版纳傣族自治州","2015","2019","-0.0249","减少","6641.55","10243.05"
"532800","西双版纳傣族自治州","2015","2020","-0.0264","减少","7109.25","9647.51"
"532800","西双版纳傣族自治州","2015","2021","-0.0074","不变","7892.65","8469.25"
"532800","西双版纳傣族自治州","2015","2022","0.0042","不变","8723.29","7382.02"
"532800","西双版纳傣族自治州","2016","2017","-0.0073","不变","6837.86","8351.76"
"532800","西双版纳傣族自治州","2016","2018","-0.0165","减少","7026.81","9122.23"
"532800","西双版纳傣族自治州","2016","2019","-0.0158","减少","7607.4","9261.39"
"532800","西双版纳傣族自治州","2016","2020","-0.0174","减少","8105.04","8769.87"
"532800","西双版纳傣族自治州","2016","2021","0.0016","不变","9135.81","7413.49"
"532800","西双版纳傣族自治州","2016","2022","0.0132","增加","10106.13","6400.76"
"532800","西双版纳傣族自治州","2017","2018","-0.0092","不变","7437.46","8175.67"
"532800","西双版纳傣族自治州","2017","2019","-0.0086","不变","7890.22","8681.18"
"532800","西双版纳傣族自治州","2017","2020","-0.0101","减少","8672.76","8255.3"
"532800","西双版纳傣族自治州","2017","2021","0.0089","不变","9900.04","6804.58"
"532800","西双版纳傣族自治州","2017","2022","0.0205","增加","10911.7","5864.77"
"532800","西双版纳傣族自治州","2018","2019","0.0007","不变","7842.44","7990.47"
"532800","西双版纳傣族自治州","2018","2020","-0.0009","不变","8641.53","7778.27"
"532800","西双版纳傣族自治州","2018","2021","0.0181","增加","10214.32","6487.83"
"532800","西双版纳傣族自治州","2018","2022","0.0297","增加","11269.34","5556.19"
"532800","西双版纳傣族自治州","2019","2020","-0.0016","不变","7881.04","7681.57"
"532800","西双版纳傣族自治州","2019","2021","0.0175","增加","10039.83","6511.18"
"532800","西双版纳傣族自治州","2019","2022","0.0291","增加","10922.56","5925.4"
"532800","西双版纳傣族自治州","2020","2021","0.0114","增加","9266.92","6723.96"
"532800","西双版纳傣族自治州","2020","2022","0.0184","增加","10196.93","6154.4"
"532800","西双版纳傣族自治州","2021","2022","0.007","不变","9223.72","5714.98"
"530400","玉溪市","2013","2014","0.0083","不变","6908.64","5816.53"
"530400","玉溪市","2013","2015","0.1652","增加","11695.26","2264.91"
"530400","玉溪市","2013","2016","0.1666","增加","11851.88","2118.58"
"530400","玉溪市","2013","2017","0.1835","增加","12040.6","2001.45"
"530400","玉溪市","2013","2018","0.1585","增加","11614.38","2391.15"
"530400","玉溪市","2013","2019","0.1385","增加","11177.67","2746.57"
"530400","玉溪市","2013","2020","0.1399","增加","11194.53","2723.59"
"530400","玉溪市","2013","2021","0.1634","增加","11701.08","2299.68"
"530400","玉溪市","2013","2022","0.1702","增加","11670.83","2367.6"
"530400","玉溪市","2014","2015","0.1569","增加","11903.8","2057.62"
"530400","玉溪市","2014","2016","0.1583","增加","12029.38","1951.31"
"530400","玉溪市","2014","2017","0.1752","增加","12204.6","1841.67"
"530400","玉溪市","2014","2018","0.1502","增加","11674.32","2308.28"
"530400","玉溪市","2014","2019","0.1302","增加","11203.65","2684.58"
"530400","玉溪市","2014","2020","0.1316","增加","11204.03","2686.08"
"530400","玉溪市","2014","2021","0.1552","增加","11811.18","2200.58"
"530400","玉溪市","2014","2022","0.1619","增加","11746.85","2296.69"
"530400","玉溪市","2015","2016","0.0014","不变","6350.23","5864.26"
"530400","玉溪市","2015","2017","0.0183","增加","7509.24","5222.7"
"530400","玉溪市","2015","2018","-0.0067","不变","6257.14","6822.85"
"530400","玉溪市","2015","2019","-0.0268","减少","5463.77","7734.91"
"530400","玉溪市","2015","2020","-0.0253","减少","5610.5","7623.12"
"530400","玉溪市","2015","2021","-0.0018","不变","6979.72","6123.94"
"530400","玉溪市","2015","2022","0.005","不变","7309.08","5937.61"
"530400","玉溪市","2016","2017","0.0169","增加","7482.96","4635.73"
"530400","玉溪市","2016","2018","-0.0081","不变","6053.2","6704.09"
"530400","玉溪市","2016","2019","-0.0282","减少","5205.86","7849.56"
"530400","玉溪市","2016","2020","-0.0267","减少","5350.37","7752.55"
"530400","玉溪市","2016","2021","-0.0032","不变","6855.54","6127.74"
"530400","玉溪市","2016","2022","0.0036","不变","7232.54","5950.49"
"530400","玉溪市","2017","2018","-0.025","减少","4841.42","7636.64"
"530400","玉溪市","2017","2019","-0.0451","减少","4281.62","8729.82"
"530400","玉溪市","2017","2020","-0.0436","减少","4648.81","8537.36"
"530400","玉溪市","2017","2021","-0.0201","减少","6042.07","6945.26"
"530400","玉溪市","2017","2022","-0.0133","减少","6541.03","6589.71"
"530400","玉溪市","2018","2019","-0.02","减少","4392.03","7730.38"
"530400","玉溪市","2018","2020","-0.0186","减少","5012.81","7535.88"
"530400","玉溪市","2018","2021","0.0049","不变","7244.59","5748.89"
"530400","玉溪市","2018","2022","0.0117","增加","7803.25","5401.99"
"530400","玉溪市","2019","2020","0.0015","不变","6099.43","5817.75"
"530400","玉溪市","2019","2021","0.025","增加","8351.85","4587.74"
"530400","玉溪市","2019","2022","0.0318","增加","8761.52","4576.45"
"530400","玉溪市","2020","2021","0.0102","增加","8163.77","4472.57"
"530400","玉溪市","2020","2022","0.0131","增加","8617.55","4516.62"
"530400","玉溪市","2021","2022","0.0029","不变","7120.26","5058.87"
"530600","昭通市","2013","2014","0.0144","增加","11644.61","7011.98"
"530600","昭通市","2013","2015","0.0614","增加","15450.74","4527.24"
"530600","昭通市","2013","2016","0.062","增加","15995.49","4051.29"
"530600","昭通市","2013","2017","0.0804","增加","16676.27","3415.6"
"530600","昭通市","2013","2018","0.0795","增加","16798.34","3372.77"
"530600","昭通市","2013","2019","0.0781","增加","16654.54","3733.83"
"530600","昭通市","2013","2020","0.0814","增加","16822.29","3452.37"
"530600","昭通市","2013","2021","0.0761","增加","16380.13","3820.55"
"530600","昭通市","2013","2022","0.0723","增加","16166.08","3898.35"
"530600","昭通市","2014","2015","0.0469","增加","13777.73","5572.95"
"530600","昭通市","2014","2016","0.0476","增加","14440.95","4901.94"
"530600","昭通市","2014","2017","0.066","增加","15139.88","4284.44"
"530600","昭通市","2014","2018","0.0651","增加","15078.65","4387.78"
"530600","昭通市","2014","2019","0.0637","增加","14870.69","4739.33"
"530600","昭通市","2014","2020","0.067","增加","15264.44","4285.26"
"530600","昭通市","2014","2021","0.0616","增加","14818.09","4712.88"
"530600","昭通市","2014","2022","0.0579","增加","14651.26","4777.69"
"530600","昭通市","2015","2016","0.0006","不变","9624.49","6903"
"530600","昭通市","2015","2017","0.019","增加","10877.69","6684.47"
"530600","昭通市","2015","2018","0.0181","增加","10698.19","7283.1"
"530600","昭通市","2015","2019","0.0168","增加","10523.58","7634.53"
"530600","昭通市","2015","2020","0.0201","增加","11191.21","6782.88"
"530600","昭通市","2015","2021","0.0147","增加","10770.5","7282.95"
"530600","昭通市","2015","2022","0.011","增加","10768.05","7393.66"
"530600","昭通市","2016","2017","0.0184","增加","9332.25","7078.11"
"530600","昭通市","2016","2018","0.0175","增加","9320.77","7932.32"
"530600","昭通市","2016","2019","0.0162","增加","9454.62","8387.11"
"530600","昭通市","2016","2020","0.0194","增加","10009.09","7421.22"
"530600","昭通市","2016","2021","0.0141","增加","9617.57","7948.53"
"530600","昭通市","2016","2022","0.0104","增加","9579.31","8046.53"
"530600","昭通市","2017","2018","-0.0009","不变","7697.17","8354.57"
"530600","昭通市","2017","2019","-0.0022","不变","8206.79","8774.36"
"530600","昭通市","2017","2020","0.001","不变","8966.01","7965.05"
"530600","昭通市","2017","2021","-0.0043","不变","8536.25","8519.95"
"530600","昭通市","2017","2022","-0.008","不变","8698.15","8628.28"
"530600","昭通市","2018","2019","-0.0013","不变","7945.29","7922.44"
"530600","昭通市","2018","2020","0.0019","不变","9034.85","7241.9"
"530600","昭通市","2018","2021","-0.0034","不变","8755.23","8210.28"
"530600","昭通市","2018","2022","-0.0071","不变","8940.81","8262.73"
"530600","昭通市","2019","2020","0.0033","不变","8820.05","6935.56"
"530600","昭通市","2019","2021","-0.0021","不变","8719.34","8015.13"
"530600","昭通市","2019","2022","-0.0058","不变","9124.37","8330.11"
"530600","昭通市","2020","2021","-0.0021","不变","7243.76","8412.04"
"530600","昭通市","2020","2022","-0.0036","不变","7785.56","8630.37"
"530600","昭通市","2021","2022","-0.0015","不变","8060.73","8014.15"