fvcmean_id,region_id,region_name,year,fvc_mean
0001,530500,保山市,2013,0.6178
0002,532300,楚雄彝族自治州,2013,0.4892
0003,532900,大理白族自治州,2013,0.5321
0004,533100,德宏傣族景颇族自治州,2013,0.6821
0005,533400,迪庆藏族自治州,2013,0.5566
0006,532500,红河哈尼族彝族自治州,2013,0.6359
0007,530100,昆明市,2013,0.5415
0008,530700,丽江市,2013,0.5421
0009,530900,临沧市,2013,0.603
0010,533300,怒江傈僳族自治州,2013,0.6865
0011,530800,普洱市,2013,0.6191
0012,530300,曲靖市,2013,0.5918
0013,532600,文山壮族苗族自治州,2013,0.654
0014,532800,西双版纳傣族自治州,2013,0.743
0015,530400,玉溪市,2013,0.5358
0016,530600,昭通市,2013,0.778
0017,530500,保山市,2014,0.5768
0018,532300,楚雄彝族自治州,2014,0.4828
0019,532900,大理白族自治州,2014,0.5327
0020,533100,德宏傣族景颇族自治州,2014,0.643
0021,533400,迪庆藏族自治州,2014,0.5847
0022,532500,红河哈尼族彝族自治州,2014,0.6237
0023,530100,昆明市,2014,0.5279
0024,530700,丽江市,2014,0.5577
0025,530900,临沧市,2014,0.605
0026,533300,怒江傈僳族自治州,2014,0.6998
0027,530800,普洱市,2014,0.6258
0028,530300,曲靖市,2014,0.5909
0029,532600,文山壮族苗族自治州,2014,0.6603
0030,532800,西双版纳傣族自治州,2014,0.7354
0031,530400,玉溪市,2014,0.5441
0032,530600,昭通市,2014,0.7924
0033,530500,保山市,2015,0.685
0034,532300,楚雄彝族自治州,2015,0.6669
0035,532900,大理白族自治州,2015,0.6697
0036,533100,德宏傣族景颇族自治州,2015,0.7278
0037,533400,迪庆藏族自治州,2015,0.677
0038,532500,红河哈尼族彝族自治州,2015,0.7524
0039,530100,昆明市,2015,0.6961
0040,530700,丽江市,2015,0.6749
0041,530900,临沧市,2015,0.7576
0042,533300,怒江傈僳族自治州,2015,0.7454
0043,530800,普洱市,2015,0.7951
0044,530300,曲靖市,2015,0.7621
0045,532600,文山壮族苗族自治州,2015,0.8147
0046,532800,西双版纳傣族自治州,2015,0.8492
0047,530400,玉溪市,2015,0.7011
0048,530600,昭通市,2015,0.8394
0049,530500,保山市,2016,0.6736
0050,532300,楚雄彝族自治州,2016,0.6909
0051,532900,大理白族自治州,2016,0.6593
0052,533100,德宏傣族景颇族自治州,2016,0.7235
0053,533400,迪庆藏族自治州,2016,0.6826
0054,532500,红河哈尼族彝族自治州,2016,0.7666
0055,530100,昆明市,2016,0.7089
0056,530700,丽江市,2016,0.6763
0057,530900,临沧市,2016,0.7216
0058,533300,怒江傈僳族自治州,2016,0.7629
0059,530800,普洱市,2016,0.7939
0060,530300,曲靖市,2016,0.7674
0061,532600,文山壮族苗族自治州,2016,0.8188
0062,532800,西双版纳傣族自治州,2016,0.8402
0063,530400,玉溪市,2016,0.7024
0064,530600,昭通市,2016,0.84
0065,530500,保山市,2017,0.7452
0066,532300,楚雄彝族自治州,2017,0.7254
0067,532900,大理白族自治州,2017,0.7302
0068,533100,德宏傣族景颇族自治州,2017,0.7773
0069,533400,迪庆藏族自治州,2017,0.7028
0070,532500,红河哈尼族彝族自治州,2017,0.7788
0071,530100,昆明市,2017,0.7202
0072,530700,丽江市,2017,0.7494
0073,530900,临沧市,2017,0.7521
0074,533300,怒江傈僳族自治州,2017,0.7762
0075,530800,普洱市,2017,0.7965
0076,530300,曲靖市,2017,0.7788
0077,532600,文山壮族苗族自治州,2017,0.823
0078,532800,西双版纳傣族自治州,2017,0.8329
0079,530400,玉溪市,2017,0.7194
0080,530600,昭通市,2017,0.8584
0081,530500,保山市,2018,0.7652
0082,532300,楚雄彝族自治州,2018,0.6959
0083,532900,大理白族自治州,2018,0.713
0084,533100,德宏傣族景颇族自治州,2018,0.8157
0085,533400,迪庆藏族自治州,2018,0.7033
0086,532500,红河哈尼族彝族自治州,2018,0.7709
0087,530100,昆明市,2018,0.717
0088,530700,丽江市,2018,0.6982
0089,530900,临沧市,2018,0.7458
0090,533300,怒江傈僳族自治州,2018,0.7801
0091,530800,普洱市,2018,0.7791
0092,530300,曲靖市,2018,0.7718
0093,532600,文山壮族苗族自治州,2018,0.8031
0094,532800,西双版纳傣族自治州,2018,0.8237
0095,530400,玉溪市,2018,0.6943
0096,530600,昭通市,2018,0.8575
0097,530500,保山市,2019,0.7403
0098,532300,楚雄彝族自治州,2019,0.6583
0099,532900,大理白族自治州,2019,0.702
0100,533100,德宏傣族景颇族自治州,2019,0.7851
0101,533400,迪庆藏族自治州,2019,0.6837
0102,532500,红河哈尼族彝族自治州,2019,0.7532
0103,530100,昆明市,2019,0.7071
0104,530700,丽江市,2019,0.699
0105,530900,临沧市,2019,0.7559
0106,533300,怒江傈僳族自治州,2019,0.7464
0107,530800,普洱市,2019,0.7708
0108,530300,曲靖市,2019,0.7659
0109,532600,文山壮族苗族自治州,2019,0.8059
0110,532800,西双版纳傣族自治州,2019,0.8243
0111,530400,玉溪市,2019,0.6743
0112,530600,昭通市,2019,0.8561
0113,530500,保山市,2020,0.76
0114,532300,楚雄彝族自治州,2020,0.6519
0115,532900,大理白族自治州,2020,0.683
0116,533100,德宏傣族景颇族自治州,2020,0.8324
0117,533400,迪庆藏族自治州,2020,0.688
0118,532500,红河哈尼族彝族自治州,2020,0.7597
0119,530100,昆明市,2020,0.7072
0120,530700,丽江市,2020,0.6999
0121,530900,临沧市,2020,0.7491
0122,533300,怒江傈僳族自治州,2020,0.7752
0123,530800,普洱市,2020,0.7792
0124,530300,曲靖市,2020,0.7785
0125,532600,文山壮族苗族自治州,2020,0.8122
0126,532800,西双版纳傣族自治州,2020,0.8228
0127,530400,玉溪市,2020,0.6758
0128,530600,昭通市,2020,0.8594
0129,530500,保山市,2021,0.7836
0130,532300,楚雄彝族自治州,2021,0.6913
0131,532900,大理白族自治州,2021,0.7208
0132,533100,德宏傣族景颇族自治州,2021,0.8361
0133,533400,迪庆藏族自治州,2021,0.7026
0134,532500,红河哈尼族彝族自治州,2021,0.7684
0135,530100,昆明市,2021,0.7079
0136,530700,丽江市,2021,0.7353
0137,530900,临沧市,2021,0.7925
0138,533300,怒江傈僳族自治州,2021,0.8031
0139,530800,普洱市,2021,0.8178
0140,530300,曲靖市,2021,0.7761
0141,532600,文山壮族苗族自治州,2021,0.8164
0142,532800,西双版纳傣族自治州,2021,0.8418
0143,530400,玉溪市,2021,0.6993
0144,530600,昭通市,2021,0.8541
0145,530500,保山市,2022,0.782
0146,532300,楚雄彝族自治州,2022,0.6981
0147,532900,大理白族自治州,2022,0.7193
0148,533100,德宏傣族景颇族自治州,2022,0.8258
0149,533400,迪庆藏族自治州,2022,0.7048
0150,532500,红河哈尼族彝族自治州,2022,0.7806
0151,530100,昆明市,2022,0.6789
0152,530700,丽江市,2022,0.7347
0153,530900,临沧市,2022,0.7728
0154,533300,怒江傈僳族自治州,2022,0.8053
0155,530800,普洱市,2022,0.8211
0156,530300,曲靖市,2022,0.7592
0157,532600,文山壮族苗族自治州,2022,0.8149
0158,532800,西双版纳傣族自治州,2022,0.8535
0159,530400,玉溪市,2022,0.7061
0160,530600,昭通市,2022,0.8504
0161,530181,安宁市,2013,0.5241
0162,532924,宾川县,2013,0.447
0163,530927,沧源佤族自治县,2013,0.6205
0164,530524,昌宁县,2013,0.5905
0165,530114,呈贡区,2013,0.4087
0166,530481,澄江市,2013,0.4637
0167,532301,楚雄市,2013,0.4946
0168,530624,大关县,2013,0.8261
0169,532901,大理市,2013,0.4719
0170,532326,大姚县,2013,0.5248
0171,533422,德钦县,2013,0.4888
0172,530113,东川区,2013,0.591
0173,530426,峨山彝族自治县,2013,0.5185
0174,532930,洱源县,2013,0.5668
0175,530921,凤庆县,2013,0.5845
0176,533323,福贡县,2013,0.7034
0177,530124,富民县,2013,0.5332
0178,532628,富宁县,2013,0.7623
0179,530325,富源县,2013,0.6319
0180,532501,个旧市,2013,0.6506
0181,530926,耿马傣族佤族自治县,2013,0.6417
0182,533324,贡山独龙族怒族自治县,2013,0.6701
0183,530702,古城区,2013,0.5644
0184,530111,官渡区,2013,0.4721
0185,532627,广南县,2013,0.7182
0186,532532,河口瑶族自治县,2013,0.7108
0187,532932,鹤庆县,2013,0.4603
0188,532529,红河县,2013,0.7001
0189,530402,红塔区,2013,0.5192
0190,530424,华宁县,2013,0.5033
0191,530723,华坪县,2013,0.5277
0192,530326,会泽县,2013,0.6227
0193,532524,建水县,2013,0.5494
0194,532931,剑川县,2013,0.598
0195,530826,江城哈尼族彝族自治县,2013,0.7342
0196,530403,江川区,2013,0.3947
0197,532530,金平苗族瑶族傣族自治县,2013,0.789
0198,530115,晋宁区,2013,0.5115
0199,530823,景东彝族自治县,2013,0.6366
0200,530824,景谷傣族彝族自治县,2013,0.5914
0201,532801,景洪市,2013,0.7303
0202,532502,开远市,2013,0.5199
0203,533325,兰坪白族普米族自治县,2013,0.6592
0204,530828,澜沧拉祜族自治县,2013,0.5795
0205,533122,梁河县,2013,0.6805
0206,530902,临翔区,2013,0.6169
0207,530523,龙陵县,2013,0.6214
0208,530502,隆阳区,2013,0.5823
0209,533124,陇川县,2013,0.6658
0210,533301,泸水市,2013,0.7325
0211,532527,泸西县,2013,0.4425
0212,530621,鲁甸县,2013,0.655
0213,530322,陆良县,2013,0.4878
0214,532302,禄丰市,2013,0.5146
0215,530128,禄劝彝族苗族自治县,2013,0.5578
0216,530324,罗平县,2013,0.5197
0217,532531,绿春县,2013,0.7582
0218,532624,麻栗坡县,2013,0.693
0219,532625,马关县,2013,0.6875
0220,530304,马龙区,2013,0.5508
0221,533103,芒市,2013,0.6293
0222,532503,蒙自市,2013,0.6147
0223,532822,勐海县,2013,0.6466
0224,532823,勐腊县,2013,0.8312
0225,530827,孟连傣族拉祜族佤族自治县,2013,0.637
0226,532925,弥渡县,2013,0.4244
0227,532504,弥勒市,2013,0.4906
0228,530822,墨江哈尼族自治县,2013,0.622
0229,532323,牟定县,2013,0.4268
0230,532324,南华县,2013,0.4723
0231,532926,南涧彝族自治县,2013,0.4658
0232,530821,宁洱哈尼族彝族自治县,2013,0.6529
0233,530724,宁蒗彝族自治县,2013,0.5447
0234,530103,盘龙区,2013,0.6079
0235,532523,屏边苗族自治县,2013,0.7367
0236,530302,麒麟区,2013,0.5166
0237,530622,巧家县,2013,0.6676
0238,532626,丘北县,2013,0.5642
0239,533102,瑞丽市,2013,0.6257
0240,530323,师宗县,2013,0.5756
0241,530521,施甸县,2013,0.5169
0242,530126,石林彝族自治县,2013,0.4503
0243,532525,石屏县,2013,0.5685
0244,532322,双柏县,2013,0.5243
0245,530925,双江拉祜族佤族布朗族傣族自治县,2013,0.5894
0246,530681,水富市,2013,0.7831
0247,530802,思茅区,2013,0.5527
0248,530127,嵩明县,2013,0.5328
0249,530626,绥江县,2013,0.7604
0250,530581,腾冲市,2013,0.698
0251,530423,通海县,2013,0.4796
0252,530629,威信县,2013,0.8681
0253,532927,巍山彝族回族自治县,2013,0.4814
0254,533423,维西傈僳族自治县,2013,0.7021
0255,532601,文山市,2013,0.5579
0256,530102,五华区,2013,0.526
0257,532329,武定县,2013,0.5215
0258,532623,西畴县,2013,0.6743
0259,530829,西盟佤族自治县,2013,0.6352
0260,530112,西山区,2013,0.5037
0261,533401,香格里拉市,2013,0.5426
0262,532923,祥云县,2013,0.4283
0263,530427,新平彝族傣族自治县,2013,0.579
0264,530381,宣威市,2013,0.6615
0265,530129,寻甸回族彝族自治县,2013,0.5847
0266,530623,盐津县,2013,0.8131
0267,532622,砚山县,2013,0.5134
0268,532922,漾濞彝族自治县,2013,0.6242
0269,532325,姚安县,2013,0.4872
0270,530125,宜良县,2013,0.5467
0271,530628,彝良县,2013,0.837
0272,530425,易门县,2013,0.4921
0273,533123,盈江县,2013,0.7367
0274,530923,永德县,2013,0.5788
0275,532928,永平县,2013,0.5932
0276,532327,永仁县,2013,0.4588
0277,530625,永善县,2013,0.7773
0278,530722,永胜县,2013,0.4687
0279,530721,玉龙纳西族自治县,2013,0.5977
0280,530428,元江哈尼族彝族傣族自治县,2013,0.6032
0281,532328,元谋县,2013,0.3455
0282,532528,元阳县,2013,0.7806
0283,532929,云龙县,2013,0.6591
0284,530922,云县,2013,0.5781
0285,530303,沾益区,2013,0.5624
0286,530602,昭阳区,2013,0.6975
0287,530924,镇康县,2013,0.6168
0288,530627,镇雄县,2013,0.8526
0289,530825,镇沅彝族哈尼族拉祜族自治县,2013,0.6522
0290,530181,安宁市,2014,0.5149
0291,532924,宾川县,2014,0.4504
0292,530927,沧源佤族自治县,2014,0.6254
0293,530524,昌宁县,2014,0.6039
0294,530114,呈贡区,2014,0.3815
0295,530481,澄江市,2014,0.4423
0296,532301,楚雄市,2014,0.4895
0297,530624,大关县,2014,0.8616
0298,532901,大理市,2014,0.4754
0299,532326,大姚县,2014,0.5173
0300,533422,德钦县,2014,0.5013
0301,530113,东川区,2014,0.5741
0302,530426,峨山彝族自治县,2014,0.539
0303,532930,洱源县,2014,0.5656
0304,530921,凤庆县,2014,0.6033
0305,533323,福贡县,2014,0.7711
0306,530124,富民县,2014,0.5217
0307,532628,富宁县,2014,0.7597
0308,530325,富源县,2014,0.6502
0309,532501,个旧市,2014,0.6223
0310,530926,耿马傣族佤族自治县,2014,0.6485
0311,533324,贡山独龙族怒族自治县,2014,0.6852
0312,530702,古城区,2014,0.5835
0313,530111,官渡区,2014,0.4434
0314,532627,广南县,2014,0.7221
0315,532532,河口瑶族自治县,2014,0.698
0316,532932,鹤庆县,2014,0.4861
0317,532529,红河县,2014,0.6684
0318,530402,红塔区,2014,0.5034
0319,530424,华宁县,2014,0.5076
0320,530723,华坪县,2014,0.5319
0321,530326,会泽县,2014,0.6041
0322,532524,建水县,2014,0.5407
0323,532931,剑川县,2014,0.5878
0324,530826,江城哈尼族彝族自治县,2014,0.7132
0325,530403,江川区,2014,0.3958
0326,532530,金平苗族瑶族傣族自治县,2014,0.7437
0327,530115,晋宁区,2014,0.4846
0328,530823,景东彝族自治县,2014,0.6353
0329,530824,景谷傣族彝族自治县,2014,0.5967
0330,532801,景洪市,2014,0.7337
0331,532502,开远市,2014,0.5357
0332,533325,兰坪白族普米族自治县,2014,0.663
0333,530828,澜沧拉祜族自治县,2014,0.5984
0334,533122,梁河县,2014,0.6331
0335,530902,临翔区,2014,0.618
0336,530523,龙陵县,2014,0.5617
0337,530502,隆阳区,2014,0.5365
0338,533124,陇川县,2014,0.6249
0339,533301,泸水市,2014,0.7088
0340,532527,泸西县,2014,0.4813
0341,530621,鲁甸县,2014,0.6676
0342,530322,陆良县,2014,0.4878
0343,532302,禄丰市,2014,0.5039
0344,530128,禄劝彝族苗族自治县,2014,0.5637
0345,530324,罗平县,2014,0.5257
0346,532531,绿春县,2014,0.7374
0347,532624,麻栗坡县,2014,0.6691
0348,532625,马关县,2014,0.6335
0349,530304,马龙区,2014,0.5429
0350,533103,芒市,2014,0.5634
0351,532503,蒙自市,2014,0.6053
0352,532822,勐海县,2014,0.6364
0353,532823,勐腊县,2014,0.8147
0354,530827,孟连傣族拉祜族佤族自治县,2014,0.6813
0355,532925,弥渡县,2014,0.4322
0356,532504,弥勒市,2014,0.5144
0357,530822,墨江哈尼族自治县,2014,0.6188
0358,532323,牟定县,2014,0.4156
0359,532324,南华县,2014,0.4734
0360,532926,南涧彝族自治县,2014,0.4729
0361,530821,宁洱哈尼族彝族自治县,2014,0.6421
0362,530724,宁蒗彝族自治县,2014,0.5719
0363,530103,盘龙区,2014,0.5741
0364,532523,屏边苗族自治县,2014,0.6984
0365,530302,麒麟区,2014,0.5159
0366,530622,巧家县,2014,0.6721
0367,532626,丘北县,2014,0.6113
0368,533102,瑞丽市,2014,0.5878
0369,530323,师宗县,2014,0.5825
0370,530521,施甸县,2014,0.4932
0371,530126,石林彝族自治县,2014,0.4493
0372,532525,石屏县,2014,0.568
0373,532322,双柏县,2014,0.5196
0374,530925,双江拉祜族佤族布朗族傣族自治县,2014,0.5782
0375,530681,水富市,2014,0.7826
0376,530802,思茅区,2014,0.5619
0377,530127,嵩明县,2014,0.4921
0378,530626,绥江县,2014,0.7483
0379,530581,腾冲市,2014,0.6288
0380,530423,通海县,2014,0.4697
0381,530629,威信县,2014,0.8662
0382,532927,巍山彝族回族自治县,2014,0.5021
0383,533423,维西傈僳族自治县,2014,0.7415
0384,532601,文山市,2014,0.5762
0385,530102,五华区,2014,0.4958
0386,532329,武定县,2014,0.5197
0387,532623,西畴县,2014,0.661
0388,530829,西盟佤族自治县,2014,0.6751
0389,530112,西山区,2014,0.4867
0390,533401,香格里拉市,2014,0.5763
0391,532923,祥云县,2014,0.4368
0392,530427,新平彝族傣族自治县,2014,0.607
0393,530381,宣威市,2014,0.661
0394,530129,寻甸回族彝族自治县,2014,0.5624
0395,530623,盐津县,2014,0.8234
0396,532622,砚山县,2014,0.5417
0397,532922,漾濞彝族自治县,2014,0.6257
0398,532325,姚安县,2014,0.4745
0399,530125,宜良县,2014,0.5381
0400,530628,彝良县,2014,0.8664
0401,530425,易门县,2014,0.4937
0402,533123,盈江县,2014,0.7185
0403,530923,永德县,2014,0.5902
0404,532928,永平县,2014,0.5868
0405,532327,永仁县,2014,0.4512
0406,530625,永善县,2014,0.8063
0407,530722,永胜县,2014,0.489
0408,530721,玉龙纳西族自治县,2014,0.6015
0409,530428,元江哈尼族彝族傣族自治县,2014,0.6012
0410,532328,元谋县,2014,0.3375
0411,532528,元阳县,2014,0.7339
0412,532929,云龙县,2014,0.6344
0413,530922,云县,2014,0.5846
0414,530303,沾益区,2014,0.5632
0415,530602,昭阳区,2014,0.7031
0416,530924,镇康县,2014,0.5805
0417,530627,镇雄县,2014,0.865
0418,530825,镇沅彝族哈尼族拉祜族自治县,2014,0.6653
0419,530181,安宁市,2015,0.6593
0420,532924,宾川县,2015,0.6496
0421,530927,沧源佤族自治县,2015,0.7822
0422,530524,昌宁县,2015,0.7212
0423,530114,呈贡区,2015,0.4667
0424,530481,澄江市,2015,0.5642
0425,532301,楚雄市,2015,0.668
0426,530624,大关县,2015,0.9061
0427,532901,大理市,2015,0.5912
0428,532326,大姚县,2015,0.6676
0429,533422,德钦县,2015,0.6109
0430,530113,东川区,2015,0.7171
0431,530426,峨山彝族自治县,2015,0.7133
0432,532930,洱源县,2015,0.6963
0433,530921,凤庆县,2015,0.7173
0434,533323,福贡县,2015,0.7968
0435,530124,富民县,2015,0.7429
0436,532628,富宁县,2015,0.8677
0437,530325,富源县,2015,0.8085
0438,532501,个旧市,2015,0.7082
0439,530926,耿马傣族佤族自治县,2015,0.7809
0440,533324,贡山独龙族怒族自治县,2015,0.7334
0441,530702,古城区,2015,0.6816
0442,530111,官渡区,2015,0.5337
0443,532627,广南县,2015,0.8288
0444,532532,河口瑶族自治县,2015,0.8179
0445,532932,鹤庆县,2015,0.6616
0446,532529,红河县,2015,0.7697
0447,530402,红塔区,2015,0.6415
0448,530424,华宁县,2015,0.6962
0449,530723,华坪县,2015,0.6547
0450,530326,会泽县,2015,0.7331
0451,532524,建水县,2015,0.6772
0452,532931,剑川县,2015,0.6854
0453,530826,江城哈尼族彝族自治县,2015,0.8442
0454,530403,江川区,2015,0.5494
0455,532530,金平苗族瑶族傣族自治县,2015,0.8247
0456,530115,晋宁区,2015,0.6023
0457,530823,景东彝族自治县,2015,0.787
0458,530824,景谷傣族彝族自治县,2015,0.7999
0459,532801,景洪市,2015,0.8526
0460,532502,开远市,2015,0.7281
0461,533325,兰坪白族普米族自治县,2015,0.697
0462,530828,澜沧拉祜族自治县,2015,0.7779
0463,533122,梁河县,2015,0.6936
0464,530902,临翔区,2015,0.7811
0465,530523,龙陵县,2015,0.6867
0466,530502,隆阳区,2015,0.6383
0467,533124,陇川县,2015,0.7445
0468,533301,泸水市,2015,0.7848
0469,532527,泸西县,2015,0.7373
0470,530621,鲁甸县,2015,0.734
0471,530322,陆良县,2015,0.6801
0472,532302,禄丰市,2015,0.7049
0473,530128,禄劝彝族苗族自治县,2015,0.7688
0474,530324,罗平县,2015,0.7776
0475,532531,绿春县,2015,0.8087
0476,532624,麻栗坡县,2015,0.8317
0477,532625,马关县,2015,0.8034
0478,530304,马龙区,2015,0.7212
0479,533103,芒市,2015,0.6983
0480,532503,蒙自市,2015,0.753
0481,532822,勐海县,2015,0.8043
0482,532823,勐腊县,2015,0.8808
0483,530827,孟连傣族拉祜族佤族自治县,2015,0.7664
0484,532925,弥渡县,2015,0.6811
0485,532504,弥勒市,2015,0.7243
0486,530822,墨江哈尼族自治县,2015,0.7893
0487,532323,牟定县,2015,0.6414
0488,532324,南华县,2015,0.6691
0489,532926,南涧彝族自治县,2015,0.711
0490,530821,宁洱哈尼族彝族自治县,2015,0.7999
0491,530724,宁蒗彝族自治县,2015,0.7046
0492,530103,盘龙区,2015,0.7051
0493,532523,屏边苗族自治县,2015,0.8199
0494,530302,麒麟区,2015,0.7292
0495,530622,巧家县,2015,0.7529
0496,532626,丘北县,2015,0.8023
0497,533102,瑞丽市,2015,0.6812
0498,530323,师宗县,2015,0.8119
0499,530521,施甸县,2015,0.645
0500,530126,石林彝族自治县,2015,0.6629
0501,532525,石屏县,2015,0.6783
0502,532322,双柏县,2015,0.7027
0503,530925,双江拉祜族佤族布朗族傣族自治县,2015,0.7648
0504,530681,水富市,2015,0.8381
0505,530802,思茅区,2015,0.7911
0506,530127,嵩明县,2015,0.6445
0507,530626,绥江县,2015,0.8499
0508,530581,腾冲市,2015,0.7132
0509,530423,通海县,2015,0.5956
0510,530629,威信县,2015,0.9043
0511,532927,巍山彝族回族自治县,2015,0.6732
0512,533423,维西傈僳族自治县,2015,0.7811
0513,532601,文山市,2015,0.7593
0514,530102,五华区,2015,0.651
0515,532329,武定县,2015,0.7084
0516,532623,西畴县,2015,0.8236
0517,530829,西盟佤族自治县,2015,0.8079
0518,530112,西山区,2015,0.5685
0519,533401,香格里拉市,2015,0.6783
0520,532923,祥云县,2015,0.6225
0521,530427,新平彝族傣族自治县,2015,0.7476
0522,530381,宣威市,2015,0.7882
0523,530129,寻甸回族彝族自治县,2015,0.7466
0524,530623,盐津县,2015,0.8459
0525,532622,砚山县,2015,0.7661
0526,532922,漾濞彝族自治县,2015,0.7148
0527,532325,姚安县,2015,0.6445
0528,530125,宜良县,2015,0.7166
0529,530628,彝良县,2015,0.888
0530,530425,易门县,2015,0.7054
0531,533123,盈江县,2015,0.7592
0532,530923,永德县,2015,0.7148
0533,532928,永平县,2015,0.6661
0534,532327,永仁县,2015,0.6258
0535,530625,永善县,2015,0.8474
0536,530722,永胜县,2015,0.6376
0537,530721,玉龙纳西族自治县,2015,0.6807
0538,530428,元江哈尼族彝族傣族自治县,2015,0.7519
0539,532328,元谋县,2015,0.5453
0540,532528,元阳县,2015,0.7852
0541,532929,云龙县,2015,0.6807
0542,530922,云县,2015,0.7755
0543,530303,沾益区,2015,0.7464
0544,530602,昭阳区,2015,0.7642
0545,530924,镇康县,2015,0.75
0546,530627,镇雄县,2015,0.8959
0547,530825,镇沅彝族哈尼族拉祜族自治县,2015,0.8037
0548,530181,安宁市,2016,0.6771
0549,532924,宾川县,2016,0.6562
0550,530927,沧源佤族自治县,2016,0.7466
0551,530524,昌宁县,2016,0.6955
0552,530114,呈贡区,2016,0.4721
0553,530481,澄江市,2016,0.5701
0554,532301,楚雄市,2016,0.7011
0555,530624,大关县,2016,0.91
0556,532901,大理市,2016,0.579
0557,532326,大姚县,2016,0.706
0558,533422,德钦县,2016,0.6162
0559,530113,东川区,2016,0.7329
0560,530426,峨山彝族自治县,2016,0.7099
0561,532930,洱源县,2016,0.7001
0562,530921,凤庆县,2016,0.6716
0563,533323,福贡县,2016,0.7991
0564,530124,富民县,2016,0.758
0565,532628,富宁县,2016,0.8401
0566,530325,富源县,2016,0.8225
0567,532501,个旧市,2016,0.742
0568,530926,耿马傣族佤族自治县,2016,0.7551
0569,533324,贡山独龙族怒族自治县,2016,0.7494
0570,530702,古城区,2016,0.6829
0571,530111,官渡区,2016,0.5409
0572,532627,广南县,2016,0.8246
0573,532532,河口瑶族自治县,2016,0.8282
0574,532932,鹤庆县,2016,0.6409
0575,532529,红河县,2016,0.77
0576,530402,红塔区,2016,0.6571
0577,530424,华宁县,2016,0.7116
0578,530723,华坪县,2016,0.6579
0579,530326,会泽县,2016,0.7386
0580,532524,建水县,2016,0.699
0581,532931,剑川县,2016,0.7104
0582,530826,江城哈尼族彝族自治县,2016,0.8505
0583,530403,江川区,2016,0.5621
0584,532530,金平苗族瑶族傣族自治县,2016,0.8302
0585,530115,晋宁区,2016,0.6232
0586,530823,景东彝族自治县,2016,0.7813
0587,530824,景谷傣族彝族自治县,2016,0.7944
0588,532801,景洪市,2016,0.8459
0589,532502,开远市,2016,0.7557
0590,533325,兰坪白族普米族自治县,2016,0.7273
0591,530828,澜沧拉祜族自治县,2016,0.7573
0592,533122,梁河县,2016,0.6934
0593,530902,临翔区,2016,0.6912
0594,530523,龙陵县,2016,0.6994
0595,530502,隆阳区,2016,0.5998
0596,533124,陇川县,2016,0.7488
0597,533301,泸水市,2016,0.7998
0598,532527,泸西县,2016,0.7381
0599,530621,鲁甸县,2016,0.7487
0600,530322,陆良县,2016,0.651
0601,532302,禄丰市,2016,0.7138
0602,530128,禄劝彝族苗族自治县,2016,0.777
0603,530324,罗平县,2016,0.7844
0604,532531,绿春县,2016,0.8181
0605,532624,麻栗坡县,2016,0.846
0606,532625,马关县,2016,0.8253
0607,530304,马龙区,2016,0.7231
0608,533103,芒市,2016,0.6848
0609,532503,蒙自市,2016,0.7674
0610,532822,勐海县,2016,0.7962
0611,532823,勐腊县,2016,0.8687
0612,530827,孟连傣族拉祜族佤族自治县,2016,0.743
0613,532925,弥渡县,2016,0.6296
0614,532504,弥勒市,2016,0.7386
0615,530822,墨江哈尼族自治县,2016,0.8083
0616,532323,牟定县,2016,0.6694
0617,532324,南华县,2016,0.6775
0618,532926,南涧彝族自治县,2016,0.6404
0619,530821,宁洱哈尼族彝族自治县,2016,0.8437
0620,530724,宁蒗彝族自治县,2016,0.6877
0621,530103,盘龙区,2016,0.7277
0622,532523,屏边苗族自治县,2016,0.839
0623,530302,麒麟区,2016,0.7212
0624,530622,巧家县,2016,0.7537
0625,532626,丘北县,2016,0.8145
0626,533102,瑞丽市,2016,0.7053
0627,530323,师宗县,2016,0.8088
0628,530521,施甸县,2016,0.6701
0629,530126,石林彝族自治县,2016,0.6654
0630,532525,石屏县,2016,0.695
0631,532322,双柏县,2016,0.7196
0632,530925,双江拉祜族佤族布朗族傣族自治县,2016,0.7254
0633,530681,水富市,2016,0.8382
0634,530802,思茅区,2016,0.8017
0635,530127,嵩明县,2016,0.634
0636,530626,绥江县,2016,0.7857
0637,530581,腾冲市,2016,0.7098
0638,530423,通海县,2016,0.6112
0639,530629,威信县,2016,0.9107
0640,532927,巍山彝族回族自治县,2016,0.6331
0641,533423,维西傈僳族自治县,2016,0.7961
0642,532601,文山市,2016,0.7778
0643,530102,五华区,2016,0.6688
0644,532329,武定县,2016,0.7348
0645,532623,西畴县,2016,0.8531
0646,530829,西盟佤族自治县,2016,0.789
0647,530112,西山区,2016,0.5808
0648,533401,香格里拉市,2016,0.6803
0649,532923,祥云县,2016,0.6263
0650,530427,新平彝族傣族自治县,2016,0.7392
0651,530381,宣威市,2016,0.805
0652,530129,寻甸回族彝族自治县,2016,0.7744
0653,530623,盐津县,2016,0.8457
0654,532622,砚山县,2016,0.7804
0655,532922,漾濞彝族自治县,2016,0.707
0656,532325,姚安县,2016,0.6755
0657,530125,宜良县,2016,0.7154
0658,530628,彝良县,2016,0.8957
0659,530425,易门县,2016,0.7244
0660,533123,盈江县,2016,0.7501
0661,530923,永德县,2016,0.7066
0662,532928,永平县,2016,0.6496
0663,532327,永仁县,2016,0.6519
0664,530625,永善县,2016,0.8329
0665,530722,永胜县,2016,0.6431
0666,530721,玉龙纳西族自治县,2016,0.6959
0667,530428,元江哈尼族彝族傣族自治县,2016,0.7421
0668,532328,元谋县,2016,0.5635
0669,532528,元阳县,2016,0.7988
0670,532929,云龙县,2016,0.6885
0671,530922,云县,2016,0.7352
0672,530303,沾益区,2016,0.7565
0673,530602,昭阳区,2016,0.7674
0674,530924,镇康县,2016,0.7392
0675,530627,镇雄县,2016,0.9048
0676,530825,镇沅彝族哈尼族拉祜族自治县,2016,0.7887
0677,530181,安宁市,2017,0.6965
0678,532924,宾川县,2017,0.7103
0679,530927,沧源佤族自治县,2017,0.7615
0680,530524,昌宁县,2017,0.7475
0681,530114,呈贡区,2017,0.4614
0682,530481,澄江市,2017,0.5665
0683,532301,楚雄市,2017,0.739
0684,530624,大关县,2017,0.9186
0685,532901,大理市,2017,0.6184
0686,532326,大姚县,2017,0.7513
0687,533422,德钦县,2017,0.6176
0688,530113,东川区,2017,0.7338
0689,530426,峨山彝族自治县,2017,0.7405
0690,532930,洱源县,2017,0.7725
0691,530921,凤庆县,2017,0.7218
0692,533323,福贡县,2017,0.7968
0693,530124,富民县,2017,0.7702
0694,532628,富宁县,2017,0.8476
0695,530325,富源县,2017,0.8221
0696,532501,个旧市,2017,0.7589
0697,530926,耿马傣族佤族自治县,2017,0.757
0698,533324,贡山独龙族怒族自治县,2017,0.7258
0699,530702,古城区,2017,0.7619
0700,530111,官渡区,2017,0.5295
0701,532627,广南县,2017,0.8366
0702,532532,河口瑶族自治县,2017,0.8239
0703,532932,鹤庆县,2017,0.7398
0704,532529,红河县,2017,0.7908
0705,530402,红塔区,2017,0.672
0706,530424,华宁县,2017,0.72
0707,530723,华坪县,2017,0.7078
0708,530326,会泽县,2017,0.7676
0709,532524,建水县,2017,0.7169
0710,532931,剑川县,2017,0.774
0711,530826,江城哈尼族彝族自治县,2017,0.8496
0712,530403,江川区,2017,0.5718
0713,532530,金平苗族瑶族傣族自治县,2017,0.8447
0714,530115,晋宁区,2017,0.6358
0715,530823,景东彝族自治县,2017,0.8142
0716,530824,景谷傣族彝族自治县,2017,0.8026
0717,532801,景洪市,2017,0.8361
0718,532502,开远市,2017,0.7677
0719,533325,兰坪白族普米族自治县,2017,0.7749
0720,530828,澜沧拉祜族自治县,2017,0.7479
0721,533122,梁河县,2017,0.7793
0722,530902,临翔区,2017,0.7153
0723,530523,龙陵县,2017,0.77
0724,530502,隆阳区,2017,0.7136
0725,533124,陇川县,2017,0.7872
0726,533301,泸水市,2017,0.8306
0727,532527,泸西县,2017,0.7333
0728,530621,鲁甸县,2017,0.7872
0729,530322,陆良县,2017,0.655
0730,532302,禄丰市,2017,0.7357
0731,530128,禄劝彝族苗族自治县,2017,0.7856
0732,530324,罗平县,2017,0.7748
0733,532531,绿春县,2017,0.8329
0734,532624,麻栗坡县,2017,0.8466
0735,532625,马关县,2017,0.8222
0736,530304,马龙区,2017,0.7406
0737,533103,芒市,2017,0.772
0738,532503,蒙自市,2017,0.7737
0739,532822,勐海县,2017,0.7917
0740,532823,勐腊县,2017,0.8617
0741,530827,孟连傣族拉祜族佤族自治县,2017,0.6849
0742,532925,弥渡县,2017,0.713
0743,532504,弥勒市,2017,0.7403
0744,530822,墨江哈尼族自治县,2017,0.8202
0745,532323,牟定县,2017,0.7104
0746,532324,南华县,2017,0.7389
0747,532926,南涧彝族自治县,2017,0.7286
0748,530821,宁洱哈尼族彝族自治县,2017,0.8451
0749,530724,宁蒗彝族自治县,2017,0.774
0750,530103,盘龙区,2017,0.7408
0751,532523,屏边苗族自治县,2017,0.8447
0752,530302,麒麟区,2017,0.7262
0753,530622,巧家县,2017,0.7804
0754,532626,丘北县,2017,0.8153
0755,533102,瑞丽市,2017,0.7474
0756,530323,师宗县,2017,0.8134
0757,530521,施甸县,2017,0.7183
0758,530126,石林彝族自治县,2017,0.6914
0759,532525,石屏县,2017,0.719
0760,532322,双柏县,2017,0.7327
0761,530925,双江拉祜族佤族布朗族傣族自治县,2017,0.7523
0762,530681,水富市,2017,0.8621
0763,530802,思茅区,2017,0.7999
0764,530127,嵩明县,2017,0.657
0765,530626,绥江县,2017,0.8431
0766,530581,腾冲市,2017,0.767
0767,530423,通海县,2017,0.6231
0768,530629,威信县,2017,0.904
0769,532927,巍山彝族回族自治县,2017,0.7051
0770,533423,维西傈僳族自治县,2017,0.8144
0771,532601,文山市,2017,0.7808
0772,530102,五华区,2017,0.6724
0773,532329,武定县,2017,0.7601
0774,532623,西畴县,2017,0.85
0775,530829,西盟佤族自治县,2017,0.7338
0776,530112,西山区,2017,0.5884
0777,533401,香格里拉市,2017,0.7132
0778,532923,祥云县,2017,0.6951
0779,530427,新平彝族傣族自治县,2017,0.7523
0780,530381,宣威市,2017,0.8224
0781,530129,寻甸回族彝族自治县,2017,0.7906
0782,530623,盐津县,2017,0.8678
0783,532622,砚山县,2017,0.7796
0784,532922,漾濞彝族自治县,2017,0.7747
0785,532325,姚安县,2017,0.7437
0786,530125,宜良县,2017,0.7246
0787,530628,彝良县,2017,0.9061
0788,530425,易门县,2017,0.7509
0789,533123,盈江县,2017,0.7823
0790,530923,永德县,2017,0.7436
0791,532928,永平县,2017,0.7146
0792,532327,永仁县,2017,0.6787
0793,530625,永善县,2017,0.8654
0794,530722,永胜县,2017,0.7183
0795,530721,玉龙纳西族自治县,2017,0.7613
0796,530428,元江哈尼族彝族傣族自治县,2017,0.764
0797,532328,元谋县,2017,0.5906
0798,532528,元阳县,2017,0.8198
0799,532929,云龙县,2017,0.7637
0800,530922,云县,2017,0.7785
0801,530303,沾益区,2017,0.767
0802,530602,昭阳区,2017,0.7907
0803,530924,镇康县,2017,0.7839
0804,530627,镇雄县,2017,0.9044
0805,530825,镇沅彝族哈尼族拉祜族自治县,2017,0.8156
0806,530181,安宁市,2018,0.6854
0807,532924,宾川县,2018,0.6299
0808,530927,沧源佤族自治县,2018,0.7624
0809,530524,昌宁县,2018,0.728
0810,530114,呈贡区,2018,0.4909
0811,530481,澄江市,2018,0.5873
0812,532301,楚雄市,2018,0.6976
0813,530624,大关县,2018,0.9184
0814,532901,大理市,2018,0.5819
0815,532326,大姚县,2018,0.7242
0816,533422,德钦县,2018,0.6262
0817,530113,东川区,2018,0.717
0818,530426,峨山彝族自治县,2018,0.6931
0819,532930,洱源县,2018,0.756
0820,530921,凤庆县,2018,0.71
0821,533323,福贡县,2018,0.8215
0822,530124,富民县,2018,0.7542
0823,532628,富宁县,2018,0.8508
0824,530325,富源县,2018,0.7963
0825,532501,个旧市,2018,0.7673
0826,530926,耿马傣族佤族自治县,2018,0.7673
0827,533324,贡山独龙族怒族自治县,2018,0.6989
0828,530702,古城区,2018,0.724
0829,530111,官渡区,2018,0.5291
0830,532627,广南县,2018,0.814
0831,532532,河口瑶族自治县,2018,0.8293
0832,532932,鹤庆县,2018,0.7117
0833,532529,红河县,2018,0.7794
0834,530402,红塔区,2018,0.6681
0835,530424,华宁县,2018,0.7239
0836,530723,华坪县,2018,0.665
0837,530326,会泽县,2018,0.7624
0838,532524,建水县,2018,0.7037
0839,532931,剑川县,2018,0.7604
0840,530826,江城哈尼族彝族自治县,2018,0.8515
0841,530403,江川区,2018,0.5797
0842,532530,金平苗族瑶族傣族自治县,2018,0.842
0843,530115,晋宁区,2018,0.6246
0844,530823,景东彝族自治县,2018,0.7954
0845,530824,景谷傣族彝族自治县,2018,0.7775
0846,532801,景洪市,2018,0.823
0847,532502,开远市,2018,0.7488
0848,533325,兰坪白族普米族自治县,2018,0.7737
0849,530828,澜沧拉祜族自治县,2018,0.7211
0850,533122,梁河县,2018,0.8317
0851,530902,临翔区,2018,0.7254
0852,530523,龙陵县,2018,0.8149
0853,530502,隆阳区,2018,0.733
0854,533124,陇川县,2018,0.8304
0855,533301,泸水市,2018,0.8672
0856,532527,泸西县,2018,0.7186
0857,530621,鲁甸县,2018,0.7733
0858,530322,陆良县,2018,0.6772
0859,532302,禄丰市,2018,0.7134
0860,530128,禄劝彝族苗族自治县,2018,0.7673
0861,530324,罗平县,2018,0.7191
0862,532531,绿春县,2018,0.839
0863,532624,麻栗坡县,2018,0.8344
0864,532625,马关县,2018,0.8178
0865,530304,马龙区,2018,0.7769
0866,533103,芒市,2018,0.8207
0867,532503,蒙自市,2018,0.7462
0868,532822,勐海县,2018,0.7879
0869,532823,勐腊县,2018,0.8522
0870,530827,孟连傣族拉祜族佤族自治县,2018,0.7402
0871,532925,弥渡县,2018,0.6684
0872,532504,弥勒市,2018,0.7514
0873,530822,墨江哈尼族自治县,2018,0.7941
0874,532323,牟定县,2018,0.6822
0875,532324,南华县,2018,0.7116
0876,532926,南涧彝族自治县,2018,0.6993
0877,530821,宁洱哈尼族彝族自治县,2018,0.8103
0878,530724,宁蒗彝族自治县,2018,0.7058
0879,530103,盘龙区,2018,0.745
0880,532523,屏边苗族自治县,2018,0.831
0881,530302,麒麟区,2018,0.7426
0882,530622,巧家县,2018,0.7778
0883,532626,丘北县,2018,0.7782
0884,533102,瑞丽市,2018,0.7972
0885,530323,师宗县,2018,0.7963
0886,530521,施甸县,2018,0.7542
0887,530126,石林彝族自治县,2018,0.7341
0888,532525,石屏县,2018,0.6839
0889,532322,双柏县,2018,0.694
0890,530925,双江拉祜族佤族布朗族傣族自治县,2018,0.7443
0891,530681,水富市,2018,0.8799
0892,530802,思茅区,2018,0.7812
0893,530127,嵩明县,2018,0.6745
0894,530626,绥江县,2018,0.8556
0895,530581,腾冲市,2018,0.7957
0896,530423,通海县,2018,0.6146
0897,530629,威信县,2018,0.8926
0898,532927,巍山彝族回族自治县,2018,0.6956
0899,533423,维西傈僳族自治县,2018,0.7974
0900,532601,文山市,2018,0.7679
0901,530102,五华区,2018,0.6727
0902,532329,武定县,2018,0.7322
0903,532623,西畴县,2018,0.8182
0904,530829,西盟佤族自治县,2018,0.7575
0905,530112,西山区,2018,0.5927
0906,533401,香格里拉市,2018,0.7155
0907,532923,祥云县,2018,0.6428
0908,530427,新平彝族傣族自治县,2018,0.7126
0909,530381,宣威市,2018,0.8235
0910,530129,寻甸回族彝族自治县,2018,0.7717
0911,530623,盐津县,2018,0.8955
0912,532622,砚山县,2018,0.7399
0913,532922,漾濞彝族自治县,2018,0.7675
0914,532325,姚安县,2018,0.7115
0915,530125,宜良县,2018,0.7491
0916,530628,彝良县,2018,0.903
0917,530425,易门县,2018,0.707
0918,533123,盈江县,2018,0.8054
0919,530923,永德县,2018,0.7099
0920,532928,永平县,2018,0.7378
0921,532327,永仁县,2018,0.6632
0922,530625,永善县,2018,0.8652
0923,530722,永胜县,2018,0.6704
0924,530721,玉龙纳西族自治县,2018,0.7183
0925,530428,元江哈尼族彝族傣族自治县,2018,0.7405
0926,532328,元谋县,2018,0.5688
0927,532528,元阳县,2018,0.8187
0928,532929,云龙县,2018,0.7942
0929,530922,云县,2018,0.7534
0930,530303,沾益区,2018,0.764
0931,530602,昭阳区,2018,0.7856
0932,530924,镇康县,2018,0.7997
0933,530627,镇雄县,2018,0.8968
0934,530825,镇沅彝族哈尼族拉祜族自治县,2018,0.7998
0935,530181,安宁市,2019,0.667
0936,532924,宾川县,2019,0.6179
0937,530927,沧源佤族自治县,2019,0.7738
0938,530524,昌宁县,2019,0.7164
0939,530114,呈贡区,2019,0.4787
0940,530481,澄江市,2019,0.5918
0941,532301,楚雄市,2019,0.6574
0942,530624,大关县,2019,0.921
0943,532901,大理市,2019,0.5852
0944,532326,大姚县,2019,0.6916
0945,533422,德钦县,2019,0.6095
0946,530113,东川区,2019,0.7274
0947,530426,峨山彝族自治县,2019,0.6729
0948,532930,洱源县,2019,0.7409
0949,530921,凤庆县,2019,0.7158
0950,533323,福贡县,2019,0.7809
0951,530124,富民县,2019,0.7327
0952,532628,富宁县,2019,0.8618
0953,530325,富源县,2019,0.7477
0954,532501,个旧市,2019,0.7557
0955,530926,耿马傣族佤族自治县,2019,0.7841
0956,533324,贡山独龙族怒族自治县,2019,0.6497
0957,530702,古城区,2019,0.7147
0958,530111,官渡区,2019,0.5133
0959,532627,广南县,2019,0.8165
0960,532532,河口瑶族自治县,2019,0.8246
0961,532932,鹤庆县,2019,0.6964
0962,532529,红河县,2019,0.7864
0963,530402,红塔区,2019,0.6454
0964,530424,华宁县,2019,0.7146
0965,530723,华坪县,2019,0.6578
0966,530326,会泽县,2019,0.7774
0967,532524,建水县,2019,0.663
0968,532931,剑川县,2019,0.7378
0969,530826,江城哈尼族彝族自治县,2019,0.8476
0970,530403,江川区,2019,0.5713
0971,532530,金平苗族瑶族傣族自治县,2019,0.8334
0972,530115,晋宁区,2019,0.6127
0973,530823,景东彝族自治县,2019,0.7881
0974,530824,景谷傣族彝族自治县,2019,0.7582
0975,532801,景洪市,2019,0.8196
0976,532502,开远市,2019,0.6795
0977,533325,兰坪白族普米族自治县,2019,0.7468
0978,530828,澜沧拉祜族自治县,2019,0.7389
0979,533122,梁河县,2019,0.7916
0980,530902,临翔区,2019,0.7481
0981,530523,龙陵县,2019,0.7873
0982,530502,隆阳区,2019,0.692
0983,533124,陇川县,2019,0.7835
0984,533301,泸水市,2019,0.852
0985,532527,泸西县,2019,0.7214
0986,530621,鲁甸县,2019,0.788
0987,530322,陆良县,2019,0.667
0988,532302,禄丰市,2019,0.6802
0989,530128,禄劝彝族苗族自治县,2019,0.7463
0990,530324,罗平县,2019,0.6784
0991,532531,绿春县,2019,0.8358
0992,532624,麻栗坡县,2019,0.8303
0993,532625,马关县,2019,0.8245
0994,530304,马龙区,2019,0.7687
0995,533103,芒市,2019,0.7749
0996,532503,蒙自市,2019,0.7342
0997,532822,勐海县,2019,0.8037
0998,532823,勐腊县,2019,0.8449
0999,530827,孟连傣族拉祜族佤族自治县,2019,0.7558
1000,532925,弥渡县,2019,0.6705
1001,532504,弥勒市,2019,0.7361
1002,530822,墨江哈尼族自治县,2019,0.7666
1003,532323,牟定县,2019,0.6419
1004,532324,南华县,2019,0.6775
1005,532926,南涧彝族自治县,2019,0.7108
1006,530821,宁洱哈尼族彝族自治县,2019,0.7839
1007,530724,宁蒗彝族自治县,2019,0.7302
1008,530103,盘龙区,2019,0.7392
1009,532523,屏边苗族自治县,2019,0.8147
1010,530302,麒麟区,2019,0.7335
1011,530622,巧家县,2019,0.7841
1012,532626,丘北县,2019,0.7822
1013,533102,瑞丽市,2019,0.736
1014,530323,师宗县,2019,0.808
1015,530521,施甸县,2019,0.7147
1016,530126,石林彝族自治县,2019,0.7357
1017,532525,石屏县,2019,0.65
1018,532322,双柏县,2019,0.6484
1019,530925,双江拉祜族佤族布朗族傣族自治县,2019,0.7392
1020,530681,水富市,2019,0.8825
1021,530802,思茅区,2019,0.7571
1022,530127,嵩明县,2019,0.6585
1023,530626,绥江县,2019,0.8621
1024,530581,腾冲市,2019,0.7819
1025,530423,通海县,2019,0.5963
1026,530629,威信县,2019,0.8677
1027,532927,巍山彝族回族自治县,2019,0.7029
1028,533423,维西傈僳族自治县,2019,0.7723
1029,532601,文山市,2019,0.7671
1030,530102,五华区,2019,0.6627
1031,532329,武定县,2019,0.7
1032,532623,西畴县,2019,0.8244
1033,530829,西盟佤族自治县,2019,0.7547
1034,530112,西山区,2019,0.5917
1035,533401,香格里拉市,2019,0.6962
1036,532923,祥云县,2019,0.6332
1037,530427,新平彝族傣族自治县,2019,0.6921
1038,530381,宣威市,2019,0.8285
1039,530129,寻甸回族彝族自治县,2019,0.765
1040,530623,盐津县,2019,0.9007
1041,532622,砚山县,2019,0.7338
1042,532922,漾濞彝族自治县,2019,0.7665
1043,532325,姚安县,2019,0.6742
1044,530125,宜良县,2019,0.7406
1045,530628,彝良县,2019,0.9022
1046,530425,易门县,2019,0.658
1047,533123,盈江县,2019,0.8012
1048,530923,永德县,2019,0.7444
1049,532928,永平县,2019,0.729
1050,532327,永仁县,2019,0.6255
1051,530625,永善县,2019,0.8654
1052,530722,永胜县,2019,0.6611
1053,530721,玉龙纳西族自治县,2019,0.7092
1054,530428,元江哈尼族彝族傣族自治县,2019,0.7229
1055,532328,元谋县,2019,0.5254
1056,532528,元阳县,2019,0.8126
1057,532929,云龙县,2019,0.7595
1058,530922,云县,2019,0.7531
1059,530303,沾益区,2019,0.7668
1060,530602,昭阳区,2019,0.7869
1061,530924,镇康县,2019,0.7892
1062,530627,镇雄县,2019,0.8806
1063,530825,镇沅彝族哈尼族拉祜族自治县,2019,0.7947
1064,530181,安宁市,2020,0.671282
1065,532924,宾川县,2020,0.620754
1066,530927,沧源佤族自治县,2020,0.789676
1067,530524,昌宁县,2020,0.691075
1068,530114,呈贡区,2020,0.489207
1069,530481,澄江市,2020,0.599075
1070,532301,楚雄市,2020,0.638311
1071,530624,大关县,2020,0.925594
1072,532901,大理市,2020,0.57976
1073,532326,大姚县,2020,0.689796
1074,533422,德钦县,2020,0.615034
1075,530113,东川区,2020,0.728458
1076,530426,峨山彝族自治县,2020,0.67254
1077,532930,洱源县,2020,0.726314
1078,530921,凤庆县,2020,0.686181
1079,533323,福贡县,2020,0.828992
1080,530124,富民县,2020,0.739296
1081,532628,富宁县,2020,0.858271
1082,530325,富源县,2020,0.810892
1083,532501,个旧市,2020,0.745253
1084,530926,耿马傣族佤族自治县,2020,0.790927
1085,533324,贡山独龙族怒族自治县,2020,0.695357
1086,530702,古城区,2020,0.684657
1087,530111,官渡区,2020,0.51987
1088,532627,广南县,2020,0.81627
1089,532532,河口瑶族自治县,2020,0.832821
1090,532932,鹤庆县,2020,0.656648
1091,532529,红河县,2020,0.773845
1092,530402,红塔区,2020,0.650886
1093,530424,华宁县,2020,0.71704
1094,530723,华坪县,2020,0.690683
1095,530326,会泽县,2020,0.77674
1096,532524,建水县,2020,0.677753
1097,532931,剑川县,2020,0.737891
1098,530826,江城哈尼族彝族自治县,2020,0.854831
1099,530403,江川区,2020,0.574824
1100,532530,金平苗族瑶族傣族自治县,2020,0.839297
1101,530115,晋宁区,2020,0.616006
1102,530823,景东彝族自治县,2020,0.737636
1103,530824,景谷傣族彝族自治县,2020,0.762531
1104,532801,景洪市,2020,0.812671
1105,532502,开远市,2020,0.688184
1106,533325,兰坪白族普米族自治县,2020,0.768204
1107,530828,澜沧拉祜族自治县,2020,0.781743
1108,533122,梁河县,2020,0.830539
1109,530902,临翔区,2020,0.743167
1110,530523,龙陵县,2020,0.803722
1111,530502,隆阳区,2020,0.718107
1112,533124,陇川县,2020,0.828739
1113,533301,泸水市,2020,0.85051
1114,532527,泸西县,2020,0.729506
1115,530621,鲁甸县,2020,0.788506
1116,530322,陆良县,2020,0.658889
1117,532302,禄丰市,2020,0.683569
1118,530128,禄劝彝族苗族自治县,2020,0.74615
1119,530324,罗平县,2020,0.718915
1120,532531,绿春县,2020,0.834685
1121,532624,麻栗坡县,2020,0.8372
1122,532625,马关县,2020,0.834211
1123,530304,马龙区,2020,0.764697
1124,533103,芒市,2020,0.801088
1125,532503,蒙自市,2020,0.737606
1126,532822,勐海县,2020,0.803498
1127,532823,勐腊县,2020,0.847824
1128,530827,孟连傣族拉祜族佤族自治县,2020,0.787634
1129,532925,弥渡县,2020,0.633744
1130,532504,弥勒市,2020,0.742921
1131,530822,墨江哈尼族自治县,2020,0.776167
1132,532323,牟定县,2020,0.629488
1133,532324,南华县,2020,0.647991
1134,532926,南涧彝族自治县,2020,0.664094
1135,530821,宁洱哈尼族彝族自治县,2020,0.811086
1136,530724,宁蒗彝族自治县,2020,0.732545
1137,530103,盘龙区,2020,0.740551
1138,532523,屏边苗族自治县,2020,0.828603
1139,530302,麒麟区,2020,0.727532
1140,530622,巧家县,2020,0.777533
1141,532626,丘北县,2020,0.795073
1142,533102,瑞丽市,2020,0.781351
1143,530323,师宗县,2020,0.821393
1144,530521,施甸县,2020,0.742579
1145,530126,石林彝族自治县,2020,0.734947
1146,532525,石屏县,2020,0.674786
1147,532322,双柏县,2020,0.646947
1148,530925,双江拉祜族佤族布朗族傣族自治县,2020,0.742532
1149,530681,水富市,2020,0.885173
1150,530802,思茅区,2020,0.760268
1151,530127,嵩明县,2020,0.654509
1152,530626,绥江县,2020,0.867856
1153,530581,腾冲市,2020,0.824813
1154,530423,通海县,2020,0.600318
1155,530629,威信县,2020,0.897045
1156,532927,巍山彝族回族自治县,2020,0.668024
1157,533423,维西傈僳族自治县,2020,0.793181
1158,532601,文山市,2020,0.782492
1159,530102,五华区,2020,0.671011
1160,532329,武定县,2020,0.711268
1161,532623,西畴县,2020,0.832149
1162,530829,西盟佤族自治县,2020,0.811535
1163,530112,西山区,2020,0.601145
1164,533401,香格里拉市,2020,0.693139
1165,532923,祥云县,2020,0.615631
1166,530427,新平彝族傣族自治县,2020,0.691832
1167,530381,宣威市,2020,0.834229
1168,530129,寻甸回族彝族自治县,2020,0.756816
1169,530623,盐津县,2020,0.906526
1170,532622,砚山县,2020,0.747418
1171,532922,漾濞彝族自治县,2020,0.711117
1172,532325,姚安县,2020,0.650307
1173,530125,宜良县,2020,0.738151
1174,530628,彝良县,2020,0.902373
1175,530425,易门县,2020,0.668955
1176,533123,盈江县,2020,0.866265
1177,530923,永德县,2020,0.735527
1178,532928,永平县,2020,0.694656
1179,532327,永仁县,2020,0.636592
1180,530625,永善县,2020,0.867937
1181,530722,永胜县,2020,0.664614
1182,530721,玉龙纳西族自治县,2020,0.701982
1183,530428,元江哈尼族彝族傣族自治县,2020,0.71832
1184,532328,元谋县,2020,0.512322
1185,532528,元阳县,2020,0.812847
1186,532929,云龙县,2020,0.771425
1187,530922,云县,2020,0.717515
1188,530303,沾益区,2020,0.767462
1189,530602,昭阳区,2020,0.782645
1190,530924,镇康县,2020,0.803512
1191,530627,镇雄县,2020,0.888903
1192,530825,镇沅彝族哈尼族拉祜族自治县,2020,0.763261
1193,530181,安宁市,2021,0.687286
1194,532924,宾川县,2021,0.657016
1195,530927,沧源佤族自治县,2021,0.830093
1196,530524,昌宁县,2021,0.735693
1197,530114,呈贡区,2021,0.461688
1198,530481,澄江市,2021,0.588375
1199,532301,楚雄市,2021,0.711266
1200,530624,大关县,2021,0.921139
1201,532901,大理市,2021,0.616539
1202,532326,大姚县,2021,0.718255
1203,533422,德钦县,2021,0.631379
1204,530113,东川区,2021,0.727349
1205,530426,峨山彝族自治县,2021,0.709612
1206,532930,洱源县,2021,0.761156
1207,530921,凤庆县,2021,0.737603
1208,533323,福贡县,2021,0.835417
1209,530124,富民县,2021,0.770142
1210,532628,富宁县,2021,0.860542
1211,530325,富源县,2021,0.799365
1212,532501,个旧市,2021,0.763295
1213,530926,耿马傣族佤族自治县,2021,0.821657
1214,533324,贡山独龙族怒族自治县,2021,0.742513
1215,530702,古城区,2021,0.728556
1216,530111,官渡区,2021,0.498576
1217,532627,广南县,2021,0.822851
1218,532532,河口瑶族自治县,2021,0.84011
1219,532932,鹤庆县,2021,0.699986
1220,532529,红河县,2021,0.808532
1221,530402,红塔区,2021,0.658404
1222,530424,华宁县,2021,0.713684
1223,530723,华坪县,2021,0.738566
1224,530326,会泽县,2021,0.779929
1225,532524,建水县,2021,0.697566
1226,532931,剑川县,2021,0.761313
1227,530826,江城哈尼族彝族自治县,2021,0.861464
1228,530403,江川区,2021,0.571752
1229,532530,金平苗族瑶族傣族自治县,2021,0.836708
1230,530115,晋宁区,2021,0.617899
1231,530823,景东彝族自治县,2021,0.809314
1232,530824,景谷傣族彝族自治县,2021,0.806333
1233,532801,景洪市,2021,0.830837
1234,532502,开远市,2021,0.686728
1235,533325,兰坪白族普米族自治县,2021,0.808532
1236,530828,澜沧拉祜族自治县,2021,0.813862
1237,533122,梁河县,2021,0.832359
1238,530902,临翔区,2021,0.77705
1239,530523,龙陵县,2021,0.822091
1240,530502,隆阳区,2021,0.740643
1241,533124,陇川县,2021,0.828042
1242,533301,泸水市,2021,0.852546
1243,532527,泸西县,2021,0.706075
1244,530621,鲁甸县,2021,0.785441
1245,530322,陆良县,2021,0.630403
1246,532302,禄丰市,2021,0.711482
1247,530128,禄劝彝族苗族自治县,2021,0.757551
1248,530324,罗平县,2021,0.754656
1249,532531,绿春县,2021,0.848548
1250,532624,麻栗坡县,2021,0.843636
1251,532625,马关县,2021,0.838807
1252,530304,马龙区,2021,0.725225
1253,533103,芒市,2021,0.809024
1254,532503,蒙自市,2021,0.74616
1255,532822,勐海县,2021,0.817832
1256,532823,勐腊县,2021,0.871354
1257,530827,孟连傣族拉祜族佤族自治县,2021,0.803025
1258,532925,弥渡县,2021,0.687953
1259,532504,弥勒市,2021,0.732159
1260,530822,墨江哈尼族自治县,2021,0.807961
1261,532323,牟定县,2021,0.682411
1262,532324,南华县,2021,0.690971
1263,532926,南涧彝族自治县,2021,0.723824
1264,530821,宁洱哈尼族彝族自治县,2021,0.844391
1265,530724,宁蒗彝族自治县,2021,0.768116
1266,530103,盘龙区,2021,0.723658
1267,532523,屏边苗族自治县,2021,0.839353
1268,530302,麒麟区,2021,0.700391
1269,530622,巧家县,2021,0.779149
1270,532626,丘北县,2021,0.798086
1271,533102,瑞丽市,2021,0.779636
1272,530323,师宗县,2021,0.813874
1273,530521,施甸县,2021,0.779908
1274,530126,石林彝族自治县,2021,0.720889
1275,532525,石屏县,2021,0.703903
1276,532322,双柏县,2021,0.689737
1277,530925,双江拉祜族佤族布朗族傣族自治县,2021,0.783061
1278,530681,水富市,2021,0.854671
1279,530802,思茅区,2021,0.802645
1280,530127,嵩明县,2021,0.64907
1281,530626,绥江县,2021,0.849069
1282,530581,腾冲市,2021,0.833132
1283,530423,通海县,2021,0.607612
1284,530629,威信县,2021,0.906497
1285,532927,巍山彝族回族自治县,2021,0.730126
1286,533423,维西傈僳族自治县,2021,0.814513
1287,532601,文山市,2021,0.774184
1288,530102,五华区,2021,0.680005
1289,532329,武定县,2021,0.73246
1290,532623,西畴县,2021,0.837139
1291,530829,西盟佤族自治县,2021,0.827654
1292,530112,西山区,2021,0.607959
1293,533401,香格里拉市,2021,0.704025
1294,532923,祥云县,2021,0.647131
1295,530427,新平彝族傣族自治县,2021,0.720345
1296,530381,宣威市,2021,0.832671
1297,530129,寻甸回族彝族自治县,2021,0.755867
1298,530623,盐津县,2021,0.884656
1299,532622,砚山县,2021,0.75868
1300,532922,漾濞彝族自治县,2021,0.764846
1301,532325,姚安县,2021,0.678732
1302,530125,宜良县,2021,0.726972
1303,530628,彝良县,2021,0.897619
1304,530425,易门县,2021,0.706498
1305,533123,盈江县,2021,0.87053
1306,530923,永德县,2021,0.78648
1307,532928,永平县,2021,0.740848
1308,532327,永仁县,2021,0.668286
1309,530625,永善县,2021,0.854637
1310,530722,永胜县,2021,0.696079
1311,530721,玉龙纳西族自治县,2021,0.734114
1312,530428,元江哈尼族彝族傣族自治县,2021,0.756333
1313,532328,元谋县,2021,0.542547
1314,532528,元阳县,2021,0.821278
1315,532929,云龙县,2021,0.781228
1316,530922,云县,2021,0.776257
1317,530303,沾益区,2021,0.779229
1318,530602,昭阳区,2021,0.773529
1319,530924,镇康县,2021,0.837621
1320,530627,镇雄县,2021,0.893017
1321,530825,镇沅彝族哈尼族拉祜族自治县,2021,0.824234
1322,530181,安宁市,2022,0.690791
1323,532924,宾川县,2022,0.667077
1324,530927,沧源佤族自治县,2022,0.821935
1325,530524,昌宁县,2022,0.733005
1326,530114,呈贡区,2022,0.428983
1327,530481,澄江市,2022,0.541674
1328,532301,楚雄市,2022,0.71984
1329,530624,大关县,2022,0.919834
1330,532901,大理市,2022,0.620215
1331,532326,大姚县,2022,0.725882
1332,533422,德钦县,2022,0.633736
1333,530113,东川区,2022,0.669364
1334,530426,峨山彝族自治县,2022,0.722597
1335,532930,洱源县,2022,0.75587
1336,530921,凤庆县,2022,0.707651
1337,533323,福贡县,2022,0.829681
1338,530124,富民县,2022,0.756662
1339,532628,富宁县,2022,0.8446
1340,530325,富源县,2022,0.796646
1341,532501,个旧市,2022,0.765174
1342,530926,耿马傣族佤族自治县,2022,0.806617
1343,533324,贡山独龙族怒族自治县,2022,0.75025
1344,530702,古城区,2022,0.729806
1345,530111,官渡区,2022,0.436744
1346,532627,广南县,2022,0.827035
1347,532532,河口瑶族自治县,2022,0.826766
1348,532932,鹤庆县,2022,0.705773
1349,532529,红河县,2022,0.808293
1350,530402,红塔区,2022,0.661121
1351,530424,华宁县,2022,0.688083
1352,530723,华坪县,2022,0.746097
1353,530326,会泽县,2022,0.75034
1354,532524,建水县,2022,0.722115
1355,532931,剑川县,2022,0.761334
1356,530826,江城哈尼族彝族自治县,2022,0.873739
1357,530403,江川区,2022,0.574167
1358,532530,金平苗族瑶族傣族自治县,2022,0.864007
1359,530115,晋宁区,2022,0.609626
1360,530823,景东彝族自治县,2022,0.801403
1361,530824,景谷傣族彝族自治县,2022,0.811581
1362,532801,景洪市,2022,0.842543
1363,532502,开远市,2022,0.749337
1364,533325,兰坪白族普米族自治县,2022,0.817481
1365,530828,澜沧拉祜族自治县,2022,0.810381
1366,533122,梁河县,2022,0.832549
1367,530902,临翔区,2022,0.749045
1368,530523,龙陵县,2022,0.810229
1369,530502,隆阳区,2022,0.737402
1370,533124,陇川县,2022,0.822267
1371,533301,泸水市,2022,0.844182
1372,532527,泸西县,2022,0.709588
1373,530621,鲁甸县,2022,0.754905
1374,530322,陆良县,2022,0.633488
1375,532302,禄丰市,2022,0.724872
1376,530128,禄劝彝族苗族自治县,2022,0.756627
1377,530324,罗平县,2022,0.735564
1378,532531,绿春县,2022,0.859134
1379,532624,麻栗坡县,2022,0.833698
1380,532625,马关县,2022,0.838965
1381,530304,马龙区,2022,0.697488
1382,533103,芒市,2022,0.78777
1383,532503,蒙自市,2022,0.769913
1384,532822,勐海县,2022,0.821175
1385,532823,勐腊县,2022,0.889448
1386,530827,孟连傣族拉祜族佤族自治县,2022,0.788385
1387,532925,弥渡县,2022,0.678797
1388,532504,弥勒市,2022,0.718568
1389,530822,墨江哈尼族自治县,2022,0.819465
1390,532323,牟定县,2022,0.693543
1391,532324,南华县,2022,0.701804
1392,532926,南涧彝族自治县,2022,0.673864
1393,530821,宁洱哈尼族彝族自治县,2022,0.849829
1394,530724,宁蒗彝族自治县,2022,0.764383
1395,530103,盘龙区,2022,0.670798
1396,532523,屏边苗族自治县,2022,0.844626
1397,530302,麒麟区,2022,0.7219
1398,530622,巧家县,2022,0.75491
1399,532626,丘北县,2022,0.796837
1400,533102,瑞丽市,2022,0.748339
1401,530323,师宗县,2022,0.801538
1402,530521,施甸县,2022,0.78444
1403,530126,石林彝族自治县,2022,0.672131
1404,532525,石屏县,2022,0.704038
1405,532322,双柏县,2022,0.700641
1406,530925,双江拉祜族佤族布朗族傣族自治县,2022,0.780476
1407,530681,水富市,2022,0.862419
1408,530802,思茅区,2022,0.824511
1409,530127,嵩明县,2022,0.603424
1410,530626,绥江县,2022,0.855797
1411,530581,腾冲市,2022,0.836608
1412,530423,通海县,2022,0.589576
1413,530629,威信县,2022,0.921253
1414,532927,巍山彝族回族自治县,2022,0.736721
1415,533423,维西傈僳族自治县,2022,0.825412
1416,532601,文山市,2022,0.773751
1417,530102,五华区,2022,0.655248
1418,532329,武定县,2022,0.732725
1419,532623,西畴县,2022,0.827929
1420,530829,西盟佤族自治县,2022,0.811538
1421,530112,西山区,2022,0.617474
1422,533401,香格里拉市,2022,0.702792
1423,532923,祥云县,2022,0.66844
1424,530427,新平彝族傣族自治县,2022,0.739233
1425,530381,宣威市,2022,0.809399
1426,530129,寻甸回族彝族自治县,2022,0.709016
1427,530623,盐津县,2022,0.903537
1428,532622,砚山县,2022,0.771958
1429,532922,漾濞彝族自治县,2022,0.759714
1430,532325,姚安县,2022,0.686786
1431,530125,宜良县,2022,0.681077
1432,530628,彝良县,2022,0.899685
1433,530425,易门县,2022,0.71923
1434,533123,盈江县,2022,0.867375
1435,530923,永德县,2022,0.772528
1436,532928,永平县,2022,0.727582
1437,532327,永仁县,2022,0.667865
1438,530625,永善县,2022,0.850411
1439,530722,永胜县,2022,0.699958
1440,530721,玉龙纳西族自治县,2022,0.72983
1441,530428,元江哈尼族彝族傣族自治县,2022,0.775432
1442,532328,元谋县,2022,0.53375
1443,532528,元阳县,2022,0.842161
1444,532929,云龙县,2022,0.782486
1445,530922,云县,2022,0.739284
1446,530303,沾益区,2022,0.754796
1447,530602,昭阳区,2022,0.750664
1448,530924,镇康县,2022,0.825336
1449,530627,镇雄县,2022,0.901241
1450,530825,镇沅彝族哈尼族拉祜族自治县,2022,0.826624
1451,530000,云南省,2013,0.61303125
1452,530000,云南省,2014,0.6114375
1453,530000,云南省,2015,0.7384
1454,530000,云南省,2016,0.73930625
1455,530000,云南省,2017,0.7666625
1456,530000,云南省,2018,0.7584125
1457,530000,云南省,2019,0.74551875
1458,530000,云南省,2020,0.75214375
1459,530000,云南省,2021,0.77169375
1460,530000,云南省,2022,0.76921875
