region_code,region_name,year,temp_mean,pre_mean
530500,保山市,2013,8.467,375.578
532300,楚雄彝族自治州,2013,10.474,272.5492
532900,大理白族自治州,2013,8.5,298.9714
533100,德宏傣族景颇族自治州,2013,10.686,594.825
533400,迪庆藏族自治州,2013,3.126,223.0242
532500,红河哈尼族彝族自治州,2013,8.641,318.8577
530100,昆明市,2013,8.544,253.8872
530700,丽江市,2013,5.647,196.6923
530900,临沧市,2013,10.633,442.2607
533300,怒江傈僳族自治州,2013,3.168,192.6099
530800,普洱市,2013,8.52,368.788
530300,曲靖市,2013,7.611,259.1281
532600,文山壮族苗族自治州,2013,10.082,394.8217
532800,西双版纳傣族自治州,2013,12.621,637.7336
530400,玉溪市,2013,7.628,233.9603
530600,昭通市,2013,5.239,182.5901
530500,保山市,2014,8.641,363.3161
532300,楚雄彝族自治州,2014,10.768,287.9534
532900,大理白族自治州,2014,8.73,283.3964
533100,德宏傣族景颇族自治州,2014,10.792,586.0736
533400,迪庆藏族自治州,2014,3.23,242.7215
532500,红河哈尼族彝族自治州,2014,9.079,348.2262
530100,昆明市,2014,8.783,305.8286
530700,丽江市,2014,5.862,200.8027
530900,临沧市,2014,10.916,420.3185
533300,怒江傈僳族自治州,2014,3.23,197.8249
530800,普洱市,2014,8.767,356.1922
530300,曲靖市,2014,7.854,336.56
532600,文山壮族苗族自治州,2014,10.561,477.1095
532800,西双版纳傣族自治州,2014,13.158,621.1079
530400,玉溪市,2014,7.952,251.531
530600,昭通市,2014,5.35,248.0681
530500,保山市,2015,8.6,383.6112
532300,楚雄彝族自治州,2015,10.683,329.7112
532900,大理白族自治州,2015,8.654,307.2419
533100,德宏傣族景颇族自治州,2015,10.792,593.8422
533400,迪庆藏族自治州,2015,3.217,256.8657
532500,红河哈尼族彝族自治州,2015,8.956,394.3338
530100,昆明市,2015,8.85,317.4479
530700,丽江市,2015,5.774,224.7749
530900,临沧市,2015,10.814,479.8864
533300,怒江傈僳族自治州,2015,3.236,202.0368
530800,普洱市,2015,8.676,426.2405
530300,曲靖市,2015,7.897,334.4348
532600,文山壮族苗族自治州,2015,10.494,497.1001
532800,西双版纳傣族自治州,2015,12.948,728.252
530400,玉溪市,2015,7.846,293.1166
530600,昭通市,2015,5.463,250.8275
530500,保山市,2016,8.654,357.6118
532300,楚雄彝族自治州,2016,10.818,366.3723
532900,大理白族自治州,2016,8.729,318.9046
533100,德宏傣族景颇族自治州,2016,10.859,479.6491
533400,迪庆藏族自治州,2016,3.279,247.8028
532500,红河哈尼族彝族自治州,2016,9.021,416.7975
530100,昆明市,2016,8.896,399.5719
530700,丽江市,2016,5.827,234.1822
530900,临沧市,2016,10.883,448.7679
533300,怒江傈僳族自治州,2016,3.24,188.7396
530800,普洱市,2016,8.755,395.0555
530300,曲靖市,2016,7.976,433.9244
532600,文山壮族苗族自治州,2016,10.586,562.6327
532800,西双版纳傣族自治州,2016,13.037,655.1055
530400,玉溪市,2016,7.919,308.0987
530600,昭通市,2016,5.417,312.6529
530500,保山市,2017,8.563,439.7043
532300,楚雄彝族自治州,2017,10.774,373.7146
532900,大理白族自治州,2017,8.639,371.665
533100,德宏傣族景颇族自治州,2017,10.772,657.3756
533400,迪庆藏族自治州,2017,3.221,263.1027
532500,红河哈尼族彝族自治州,2017,9.138,446.1898
530100,昆明市,2017,9.041,401.3842
530700,丽江市,2017,5.812,245.7378
530900,临沧市,2017,10.825,500.0786
533300,怒江傈僳族自治州,2017,3.202,227.7611
530800,普洱市,2017,8.724,416.4783
530300,曲靖市,2017,8.112,439.7197
532600,文山壮族苗族自治州,2017,10.785,601.2965
532800,西双版纳傣族自治州,2017,13.138,697.088
530400,玉溪市,2017,7.961,328.2426
530600,昭通市,2017,5.532,299.8611
530500,保山市,2018,8.566,535.6365
532300,楚雄彝族自治州,2018,10.646,375.6655
532900,大理白族自治州,2018,8.587,413.0315
533100,德宏傣族景颇族自治州,2018,10.815,834.288
533400,迪庆藏族自治州,2018,3.206,311.8395
532500,红河哈尼族彝族自治州,2018,8.992,395.7716
530100,昆明市,2018,8.932,372.5204
530700,丽江市,2018,5.737,279.0207
530900,临沧市,2018,10.794,579.5671
533300,怒江傈僳族自治州,2018,3.215,272.7144
530800,普洱市,2018,8.657,442.5988
530300,曲靖市,2018,7.975,381.3271
532600,文山壮族苗族自治州,2018,10.578,523.0057
532800,西双版纳傣族自治州,2018,12.996,739.4597
530400,玉溪市,2018,7.847,302.4392
530600,昭通市,2018,5.478,285.2647
530500,保山市,2019,8.529,470.0724
532300,楚雄彝族自治州,2019,10.595,385.1435
532900,大理白族自治州,2019,8.563,398.3028
533100,德宏傣族景颇族自治州,2019,10.76,681.5298
533400,迪庆藏族自治州,2019,3.199,313.4642
532500,红河哈尼族彝族自治州,2019,8.881,446.9332
530100,昆明市,2019,8.833,408.0699
530700,丽江市,2019,5.71,286.8271
530900,临沧市,2019,10.727,525.4431
533300,怒江傈僳族自治州,2019,3.212,254.4325
530800,普洱市,2019,8.594,436.7139
530300,曲靖市,2019,7.891,428.2726
532600,文山壮族苗族自治州,2019,10.45,597.6992
532800,西双版纳傣族自治州,2019,12.816,743.6821
530400,玉溪市,2019,7.766,329.574
530600,昭通市,2019,5.429,294.6587
530500,保山市,2020,8.424,481.1261
532300,楚雄彝族自治州,2020,10.55,398.1292
532900,大理白族自治州,2020,8.474,387.3709
533100,德宏傣族景颇族自治州,2020,10.611,711.9021
533400,迪庆藏族自治州,2020,3.102,281.7297
532500,红河哈尼族彝族自治州,2020,8.834,474.7239
530100,昆明市,2020,8.794,412.1887
530700,丽江市,2020,5.646,260.2824
530900,临沧市,2020,10.628,559.2874
533300,怒江傈僳族自治州,2020,3.133,236.4495
530800,普洱市,2020,8.539,457.0692
530300,曲靖市,2020,7.844,424.6095
532600,文山壮族苗族自治州,2020,10.394,586.4726
532800,西双版纳傣族自治州,2020,12.772,749.3199
530400,玉溪市,2020,7.724,354.543
530600,昭通市,2020,5.427,284.8874
530500,保山市,2021,8.789,351.9397
532300,楚雄彝族自治州,2021,11.017,304.8766
532900,大理白族自治州,2021,8.883,305.8454
533100,德宏傣族景颇族自治州,2021,10.966,531.4652
533400,迪庆藏族自治州,2021,3.385,246.7381
532500,红河哈尼族彝族自治州,2021,9.27,299.0211
530100,昆明市,2021,9.097,297.8689
530700,丽江市,2021,5.962,225.2439
530900,临沧市,2021,11.062,383.6098
533300,怒江傈僳族自治州,2021,3.278,207.1244
530800,普洱市,2021,8.894,319.4121
530300,曲靖市,2021,8.177,338.5781
532600,文山壮族苗族自治州,2021,10.901,453.2157
532800,西双版纳傣族自治州,2021,13.306,526.0682
530400,玉溪市,2021,8.09,224.105
530600,昭通市,2021,5.558,251.23
530500,保山市,2022,8.624,474.0806
532300,楚雄彝族自治州,2022,10.806,343.6118
532900,大理白族自治州,2022,8.691,377.0501
533100,德宏傣族景颇族自治州,2022,10.829,707.1169
533400,迪庆藏族自治州,2022,3.269,280.8946
532500,红河哈尼族彝族自治州,2022,9.109,322.8953
530100,昆明市,2022,9.027,343.7378
530700,丽江市,2022,5.821,256.1468
530900,临沧市,2022,10.881,499.4507
533300,怒江傈僳族自治州,2022,3.242,244.5436
530800,普洱市,2022,8.745,361.6165
530300,曲靖市,2022,8.082,378.224
532600,文山壮族苗族自治州,2022,10.728,469.3311
532800,西双版纳傣族自治州,2022,13.104,549.6708
530400,玉溪市,2022,7.957,245.5243
530600,昭通市,2022,5.497,302.0094
530181,安宁市,2013,6.94,199.549
532924,宾川县,2013,8.534,236.8023
530927,沧源佤族自治县,2013,12.135,551.3928
530524,昌宁县,2013,8.156,283.3306
530114,呈贡区,2013,8.504,252.2898
530481,澄江市,2013,8.441,249.1069
532301,楚雄市,2013,8.908,251.1257
530624,大关县,2013,7.459,253.8816
532901,大理市,2013,7.612,257.3669
532326,大姚县,2013,8.627,227.5154
533422,德钦县,2013,1.963,172.7236
530113,东川区,2013,6.155,184.4738
530426,峨山彝族自治县,2013,8.009,225.5183
532930,洱源县,2013,6.345,257.5342
530921,凤庆县,2013,9.44,333.7607
533323,福贡县,2013,7.22,456.9103
530124,富民县,2013,7.058,192.2137
532628,富宁县,2013,9.804,380.8742
530325,富源县,2013,5.262,203.8169
532501,个旧市,2013,7.173,270.3204
530926,耿马傣族佤族自治县,2013,8.875,383.8443
533324,贡山独龙族怒族自治县,2013,4.181,308.0497
530702,古城区,2013,5.84,202.944
530111,官渡区,2013,6.19,182.7896
532627,广南县,2013,11.155,408.7622
532532,河口瑶族自治县,2013,5.608,244.5191
532932,鹤庆县,2013,9.461,292.9507
532529,红河县,2013,11.894,457.9806
530402,红塔区,2013,8.684,257.0127
530424,华宁县,2013,9.554,279.2524
530723,华坪县,2013,10.488,251.09
530326,会泽县,2013,6.511,215.2066
532524,建水县,2013,10.064,318.9613
532931,剑川县,2013,8.048,352.6551
530826,江城哈尼族彝族自治县,2013,9.424,413.2422
530403,江川区,2013,10.747,316.6128
532530,金平苗族瑶族傣族自治县,2013,8.447,366.8112
530115,晋宁区,2013,6.845,211.2257
530823,景东彝族自治县,2013,9.279,321.2293
530824,景谷傣族彝族自治县,2013,11.763,497.8393
532801,景洪市,2013,10.334,512.4868
532502,开远市,2013,9.768,313.6931
533325,兰坪白族普米族自治县,2013,6.394,341.8275
530828,澜沧拉祜族自治县,2013,11.274,554.3195
533122,梁河县,2013,10.125,517.0487
530902,临翔区,2013,8.904,388.7856
530523,龙陵县,2013,8.097,373.4759
530502,隆阳区,2013,11.031,451.0954
533124,陇川县,2013,9.952,555.681
533301,泸水市,2013,6.642,386.6422
532527,泸西县,2013,8.733,275.3569
530621,鲁甸县,2013,6.596,204.7696
530322,陆良县,2013,7.603,243.4026
532302,禄丰市,2013,10.281,263.2105
530128,禄劝彝族苗族自治县,2013,8.104,241.8332
530324,罗平县,2013,6.39,219.3114
532531,绿春县,2013,10.621,426.7508
532624,麻栗坡县,2013,6.845,295.9348
532625,马关县,2013,9.654,476.5026
530304,马龙区,2013,9.433,291.7719
533103,芒市,2013,12.555,621.586
532503,蒙自市,2013,9.406,393.2313
532822,勐海县,2013,12.71,650.258
532823,勐腊县,2013,13.653,696.0702
530827,孟连傣族拉祜族佤族自治县,2013,13.163,601.8894
532925,弥渡县,2013,6.814,205.4822
532504,弥勒市,2013,9.415,266.4613
530822,墨江哈尼族自治县,2013,8.648,336.3248
532323,牟定县,2013,7.677,190.2474
532324,南华县,2013,8.042,239.7101
532926,南涧彝族自治县,2013,9.268,294.0084
530821,宁洱哈尼族彝族自治县,2013,7.516,342.412
530724,宁蒗彝族自治县,2013,4.935,197.0409
530103,盘龙区,2013,7.979,246.1991
532523,屏边苗族自治县,2013,8.988,420.0301
530302,麒麟区,2013,7.484,258.8355
530622,巧家县,2013,7.605,248.4083
532626,丘北县,2013,9.988,339.0716
533102,瑞丽市,2013,9.237,457.0587
530323,师宗县,2013,6.955,219.751
530521,施甸县,2013,10.249,401.6929
530126,石林彝族自治县,2013,9.473,283.0723
532525,石屏县,2013,10.443,334.3088
532322,双柏县,2013,9.906,266.8869
530925,双江拉祜族佤族布朗族傣族自治县,2013,10.511,478.2995
530681,水富市,2013,6.731,249.7467
530802,思茅区,2013,9.628,461.2608
530127,嵩明县,2013,7.632,221.0355
530626,绥江县,2013,6.975,250.4446
530581,腾冲市,2013,9.262,520.7993
530423,通海县,2013,8.554,264.4887
530629,威信县,2013,7.837,279.6423
532927,巍山彝族回族自治县,2013,10.937,348.5573
533423,维西傈僳族自治县,2013,4.502,243.0015
532601,文山市,2013,9.563,414.9852
530102,五华区,2013,7.761,222.8128
532329,武定县,2013,8.158,220.4643
532623,西畴县,2013,7.261,290.6946
530829,西盟佤族自治县,2013,11.914,549.2725
530112,西山区,2013,7.061,209.3238
533401,香格里拉市,2013,3.2,235.382
532923,祥云县,2013,8.364,243.2381
530427,新平彝族傣族自治县,2013,8.901,283.423
530381,宣威市,2013,8.162,290.1185
530129,寻甸回族彝族自治县,2013,7.829,248.4293
530623,盐津县,2013,10.464,364.8463
532622,砚山县,2013,7.407,279.3987
532922,漾濞彝族自治县,2013,7.164,251.5359
532325,姚安县,2013,8.944,252.4543
530125,宜良县,2013,6.987,194.5489
530628,彝良县,2013,5.609,188.6122
530425,易门县,2013,10.947,293.4505
533123,盈江县,2013,9.814,619.2319
530923,永德县,2013,10.476,434.7315
532928,永平县,2013,9.166,326.5689
532327,永仁县,2013,9.854,221.9308
530625,永善县,2013,4.384,160.6206
530722,永胜县,2013,7.846,216.4722
530721,玉龙纳西族自治县,2013,4.404,193.5983
530428,元江哈尼族彝族傣族自治县,2013,11.273,381.7191
532328,元谋县,2013,9.773,179.9553
532528,元阳县,2013,9.968,381.6323
532929,云龙县,2013,6.622,311.4433
530922,云县,2013,8.822,321.8222
530303,沾益区,2013,8.389,276.0408
530602,昭阳区,2013,5.739,197.337
530924,镇康县,2013,9.996,449.428
530627,镇雄县,2013,8.126,306.2101
530825,镇沅彝族哈尼族拉祜族自治县,2013,7.516,284.6893
530181,安宁市,2014,7.214,228.1384
532924,宾川县,2014,8.769,225.5687
530927,沧源佤族自治县,2014,12.302,520.2617
530524,昌宁县,2014,8.344,269.8731
530114,呈贡区,2014,8.674,295.6275
530481,澄江市,2014,8.631,288.1333
532301,楚雄市,2014,9.131,251.9307
530624,大关县,2014,7.679,338.7937
532901,大理市,2014,7.825,246.148
532326,大姚县,2014,8.898,235.9735
533422,德钦县,2014,2.035,202.8418
530113,东川区,2014,6.29,239.1326
530426,峨山彝族自治县,2014,8.376,251.0158
532930,洱源县,2014,6.569,242.8097
530921,凤庆县,2014,9.667,319.4709
533323,福贡县,2014,7.42,452.4268
530124,富民县,2014,7.264,229.1674
532628,富宁县,2014,10.081,460.9213
530325,富源县,2014,5.49,252.7756
532501,个旧市,2014,7.558,292.4061
530926,耿马傣族佤族自治县,2014,9.134,366.2267
533324,贡山独龙族怒族自治县,2014,4.128,379.4112
530702,古城区,2014,6.018,199.8339
530111,官渡区,2014,6.365,217.7441
532627,广南县,2014,11.635,495.9465
532532,河口瑶族自治县,2014,5.88,270.1426
532932,鹤庆县,2014,9.762,288.3776
532529,红河县,2014,12.553,467.3844
530402,红塔区,2014,9.127,288.9586
530424,华宁县,2014,10.045,319.3323
530723,华坪县,2014,10.883,281.0381
530326,会泽县,2014,6.711,295.8718
532524,建水县,2014,10.631,354.3015
532931,剑川县,2014,8.281,335.0263
530826,江城哈尼族彝族自治县,2014,9.858,399.1764
530403,江川区,2014,11.292,359.8077
532530,金平苗族瑶族傣族自治县,2014,8.749,392.042
530115,晋宁区,2014,7.107,240.646
530823,景东彝族自治县,2014,9.552,300.3987
530824,景谷傣族彝族自治县,2014,12.037,476.1449
532801,景洪市,2014,10.805,498.3734
532502,开远市,2014,10.332,360.0114
533325,兰坪白族普米族自治县,2014,6.597,323.82
530828,澜沧拉祜族自治县,2014,11.49,549.3152
533122,梁河县,2014,10.085,514.6967
530902,临翔区,2014,9.224,364.3465
530523,龙陵县,2014,8.312,362.0456
530502,隆阳区,2014,11.243,433.0578
533124,陇川县,2014,10.078,545.0781
533301,泸水市,2014,6.815,359.5963
532527,泸西县,2014,9.087,336.2093
530621,鲁甸县,2014,6.993,303.4787
530322,陆良县,2014,7.688,303.968
532302,禄丰市,2014,10.575,291.1916
530128,禄劝彝族苗族自治县,2014,8.283,292.2227
530324,罗平县,2014,6.532,267.3748
532531,绿春县,2014,11.084,431.452
532624,麻栗坡县,2014,7.172,372.8571
532625,马关县,2014,10.216,563.7499
530304,马龙区,2014,9.629,360.1962
533103,芒市,2014,12.913,610.6268
532503,蒙自市,2014,9.971,436.198
532822,勐海县,2014,13.165,639.6929
532823,勐腊县,2014,14.263,673.7143
530827,孟连傣族拉祜族佤族自治县,2014,13.425,586.2948
532925,弥渡县,2014,6.953,195.853
532504,弥勒市,2014,9.904,309.6345
530822,墨江哈尼族自治县,2014,8.979,322.1806
532323,牟定县,2014,7.93,198.7699
532324,南华县,2014,8.228,231.6566
532926,南涧彝族自治县,2014,9.55,283.318
530821,宁洱哈尼族彝族自治县,2014,7.808,326.1972
530724,宁蒗彝族自治县,2014,5.182,205.0335
530103,盘龙区,2014,8.303,297.5679
532523,屏边苗族自治县,2014,9.527,469.1372
530302,麒麟区,2014,7.654,317.926
530622,巧家县,2014,7.898,343.7
532626,丘北县,2014,10.48,403.7243
533102,瑞丽市,2014,9.273,448.8421
530323,师宗县,2014,7.105,276.6743
530521,施甸县,2014,10.546,381.4545
530126,石林彝族自治县,2014,9.64,340.6039
532525,石屏县,2014,11.038,365.7143
532322,双柏县,2014,10.154,286.0326
530925,双江拉祜族佤族布朗族傣族自治县,2014,10.777,449.1165
530681,水富市,2014,6.631,336.301
530802,思茅区,2014,9.948,454.1887
530127,嵩明县,2014,7.813,267.7486
530626,绥江县,2014,6.893,354.1965
530581,腾冲市,2014,9.382,512.6758
530423,通海县,2014,9.062,297.8885
530629,威信县,2014,7.778,367.7604
532927,巍山彝族回族自治县,2014,11.172,339.6288
533423,维西傈僳族自治县,2014,4.516,253.022
532601,文山市,2014,10.169,489.146
530102,五华区,2014,8.057,266.2499
532329,武定县,2014,8.43,250.6539
532623,西畴县,2014,7.692,368.4051
530829,西盟佤族自治县,2014,12.192,531.8957
530112,西山区,2014,7.277,243.6903
533401,香格里拉市,2014,3.361,248.7205
532923,祥云县,2014,8.549,227.2886
530427,新平彝族傣族自治县,2014,9.192,292.6658
530381,宣威市,2014,8.495,401.6831
530129,寻甸回族彝族自治县,2014,8.149,306.2808
530623,盐津县,2014,10.474,476.3052
532622,砚山县,2014,7.862,336.553
532922,漾濞彝族自治县,2014,7.386,237.2496
532325,姚安县,2014,9.163,251.6213
530125,宜良县,2014,7.08,230.8362
530628,彝良县,2014,5.687,260.9691
530425,易门县,2014,11.427,329.595
533123,盈江县,2014,9.819,611.2463
530923,永德县,2014,10.73,414.7458
532928,永平县,2014,9.383,306.3431
532327,永仁县,2014,10.194,245.5285
530625,永善县,2014,4.558,212.576
530722,永胜县,2014,8.153,225.0703
530721,玉龙纳西族自治县,2014,4.526,187.3879
530428,元江哈尼族彝族傣族自治县,2014,11.818,389.515
532328,元谋县,2014,10.033,202.5009
532528,元阳县,2014,10.415,404.4873
532929,云龙县,2014,6.799,288.2866
530922,云县,2014,9.048,304.7961
530303,沾益区,2014,8.833,357.2324
530602,昭阳区,2014,6.153,286.9902
530924,镇康县,2014,10.349,433.9888
530627,镇雄县,2014,8.058,401.3513
530825,镇沅彝族哈尼族拉祜族自治县,2014,7.713,266.8974
530181,安宁市,2015,7.196,251.5254
532924,宾川县,2015,8.677,256.6886
530927,沧源佤族自治县,2015,12.232,604.2197
530524,昌宁县,2015,8.297,292.4558
530114,呈贡区,2015,8.794,318.7261
530481,澄江市,2015,8.743,316.1417
532301,楚雄市,2015,9.06,299.6182
530624,大关县,2015,7.775,349.2475
532901,大理市,2015,7.753,268.8805
532326,大姚县,2015,8.777,267.3398
533422,德钦县,2015,2.049,207.4786
530113,东川区,2015,6.399,235.9847
530426,峨山彝族自治县,2015,8.227,286.7809
532930,洱源县,2015,6.488,255.2676
530921,凤庆县,2015,9.603,351.6268
533323,福贡县,2015,7.412,467.3956
530124,富民县,2015,7.29,239.9845
532628,富宁县,2015,10.16,456.8809
530325,富源县,2015,5.466,255.9585
532501,个旧市,2015,7.429,333.4016
530926,耿马傣族佤族自治县,2015,9.036,419.1201
533324,贡山独龙族怒族自治县,2015,4.21,369.2591
530702,古城区,2015,5.929,222.0204
530111,官渡区,2015,6.391,230.7256
532627,广南县,2015,11.613,506.2967
532532,河口瑶族自治县,2015,5.807,290.3677
532932,鹤庆县,2015,9.625,306.5209
532529,红河县,2015,12.3,560.7168
530402,红塔区,2015,8.986,326.116
530424,华宁县,2015,9.913,357.5621
530723,华坪县,2015,10.725,312.6648
530326,会泽县,2015,6.785,286.1187
532524,建水县,2015,10.449,402.1472
532931,剑川县,2015,8.217,353.7478
530826,江城哈尼族彝族自治县,2015,9.681,474.9318
530403,江川区,2015,11.147,402.1563
532530,金平苗族瑶族傣族自治县,2015,8.763,441.6678
530115,晋宁区,2015,7.098,266.5901
530823,景东彝族自治县,2015,9.444,366.303
530824,景谷傣族彝族自治县,2015,11.924,569.961
532801,景洪市,2015,10.622,586.3424
532502,开远市,2015,10.161,403.4037
533325,兰坪白族普米族自治县,2015,6.573,341.124
530828,澜沧拉祜族自治县,2015,11.435,643.6934
533122,梁河县,2015,10.17,534.4311
530902,临翔区,2015,9.11,439.4691
530523,龙陵县,2015,8.251,383.9304
530502,隆阳区,2015,11.187,457.6166
533124,陇川县,2015,10.073,549.4972
533301,泸水市,2015,6.788,374.8948
532527,泸西县,2015,9.044,357.9289
530621,鲁甸县,2015,6.865,306.9745
530322,陆良县,2015,7.854,310.443
532302,禄丰市,2015,10.6,328.5786
530128,禄劝彝族苗族自治县,2015,8.408,294.784
530324,罗平县,2015,6.6,273.511
532531,绿春县,2015,10.906,509.8989
532624,麻栗坡县,2015,7.113,383.9654
532625,马关县,2015,10.058,594.272
530304,马龙区,2015,9.761,365.2537
533103,芒市,2015,12.804,631.015
532503,蒙自市,2015,9.788,489.7949
532822,勐海县,2015,13.001,751.0895
532823,勐腊县,2015,14.011,786.6026
530827,孟连傣族拉祜族佤族自治县,2015,13.365,682.0247
532925,弥渡县,2015,6.909,225.4637
532504,弥勒市,2015,9.771,345.2148
530822,墨江哈尼族自治县,2015,8.854,398.5695
532323,牟定县,2015,7.838,231.7462
532324,南华县,2015,8.155,277.0726
532926,南涧彝族自治县,2015,9.453,317.5032
530821,宁洱哈尼族彝族自治县,2015,7.694,396.3918
530724,宁蒗彝族自治县,2015,5.089,238.0168
530103,盘龙区,2015,8.245,308.7693
532523,屏边苗族自治县,2015,9.366,515.1608
530302,麒麟区,2015,7.747,321.3819
530622,巧家县,2015,7.893,339.3306
532626,丘北县,2015,10.409,439.9318
533102,瑞丽市,2015,9.301,454.1852
530323,师宗县,2015,7.183,288.4679
530521,施甸县,2015,10.454,412.2601
530126,石林彝族自治县,2015,9.79,362.2094
532525,石屏县,2015,10.821,421.1851
532322,双柏县,2015,10.068,331.1315
530925,双江拉祜族佤族布朗族傣族自治县,2015,10.672,547.008
530681,水富市,2015,6.986,319.9483
530802,思茅区,2015,9.814,532.511
530127,嵩明县,2015,7.88,277.8181
530626,绥江县,2015,7.238,334.2143
530581,腾冲市,2015,9.373,529.5927
530423,通海县,2015,8.884,335.6941
530629,威信县,2015,8.207,372.9684
532927,巍山彝族回族自治县,2015,11.118,364.9947
533423,维西傈僳族自治县,2015,4.546,271.1793
532601,文山市,2015,9.983,528.1899
530102,五华区,2015,8.01,280.0182
532329,武定县,2015,8.405,272.5569
532623,西畴县,2015,7.561,386.9159
530829,西盟佤族自治县,2015,12.104,629.7606
530112,西山区,2015,7.31,263.6144
533401,香格里拉市,2015,3.308,267.82
532923,祥云县,2015,8.479,269.9816
530427,新平彝族傣族自治县,2015,9.083,350.8785
530381,宣威市,2015,8.499,384.9874
530129,寻甸回族彝族自治县,2015,8.127,305.1587
530623,盐津县,2015,10.856,464.5851
532622,砚山县,2015,7.731,362.4873
532922,漾濞彝族自治县,2015,7.307,253.3797
532325,姚安县,2015,9.067,296.597
530125,宜良县,2015,7.215,247.0321
530628,彝良县,2015,5.857,273.3115
530425,易门县,2015,11.281,370.2272
533123,盈江县,2015,9.853,610.3916
530923,永德县,2015,10.639,458.4559
532928,永平县,2015,9.32,326.5136
532327,永仁县,2015,10.049,269.0597
530625,永善县,2015,4.566,215.3102
530722,永胜县,2015,8.019,243.6049
530721,玉龙纳西族自治县,2015,4.476,208.3809
530428,元江哈尼族彝族傣族自治县,2015,11.616,472.1234
532328,元谋县,2015,9.951,223.0368
532528,元阳县,2015,10.325,465.5952
532929,云龙县,2015,6.758,300.4484
530922,云县,2015,8.961,353.9718
530303,沾益区,2015,8.707,351.9726
530602,昭阳区,2015,6.008,302.3874
530924,镇康县,2015,10.227,460.3774
530627,镇雄县,2015,8.534,408.6712
530825,镇沅彝族哈尼族拉祜族自治县,2015,7.642,330.6002
530181,安宁市,2016,7.244,291.1762
532924,宾川县,2016,8.786,281.2887
530927,沧源佤族自治县,2016,12.342,536.4436
530524,昌宁县,2016,8.345,291.7873
530114,呈贡区,2016,8.862,382.9098
530481,澄江市,2016,8.797,368.1125
532301,楚雄市,2016,9.188,314.6297
530624,大关县,2016,7.717,426.3574
532901,大理市,2016,7.813,284.8377
532326,大姚县,2016,8.91,302.8291
533422,德钦县,2016,2.065,181.3343
530113,东川区,2016,6.401,311.0212
530426,峨山彝族自治县,2016,8.315,299.488
532930,洱源县,2016,6.526,266.1407
530921,凤庆县,2016,9.673,354.6088
533323,福贡县,2016,7.397,451.9557
530124,富民县,2016,7.332,306.8653
532628,富宁县,2016,10.231,494.4898
530325,富源县,2016,5.545,341.7358
532501,个旧市,2016,7.465,351.0521
530926,耿马傣族佤族自治县,2016,9.077,383.7533
533324,贡山独龙族怒族自治县,2016,4.219,307.0837
530702,古城区,2016,6.035,237.0137
530111,官渡区,2016,6.431,288.5428
532627,广南县,2016,11.707,583.1203
532532,河口瑶族自治县,2016,5.831,306.2339
532932,鹤庆县,2016,9.708,334.1128
532529,红河县,2016,12.444,575.7318
530402,红塔区,2016,9.072,353.3782
530424,华宁县,2016,9.972,398.5674
530723,华坪县,2016,10.768,322.0238
530326,会泽县,2016,6.808,376.2192
532524,建水县,2016,10.481,423.8101
532931,剑川县,2016,8.285,374.4832
530826,江城哈尼族彝族自治县,2016,9.756,459.8433
530403,江川区,2016,11.251,448.4641
532530,金平苗族瑶族傣族自治县,2016,8.786,460.3011
530115,晋宁区,2016,7.166,301.3402
530823,景东彝族自治县,2016,9.551,352.5368
530824,景谷傣族彝族自治县,2016,12.051,527.1539
532801,景洪市,2016,10.683,531.4743
532502,开远市,2016,10.199,434.4361
533325,兰坪白族普米族自治县,2016,6.575,354.1363
530828,澜沧拉祜族自治县,2016,11.525,583.7377
533122,梁河县,2016,10.169,467.047
530902,临翔区,2016,9.153,400.3734
530523,龙陵县,2016,8.293,359.7937
530502,隆阳区,2016,11.268,425.607
533124,陇川县,2016,10.125,428.6632
533301,泸水市,2016,6.817,346.1465
532527,泸西县,2016,9.265,405.5513
530621,鲁甸县,2016,6.904,383.5209
530322,陆良县,2016,7.925,377.4897
532302,禄丰市,2016,10.67,381.3222
530128,禄劝彝族苗族自治县,2016,8.403,390.7477
530324,罗平县,2016,6.727,357.7574
532531,绿春县,2016,11.052,528.2382
532624,麻栗坡县,2016,7.194,439.7043
532625,马关县,2016,10.133,665.6601
530304,马龙区,2016,9.791,463.5008
533103,芒市,2016,12.831,540.7927
532503,蒙自市,2016,9.84,521.7373
532822,勐海县,2016,13.114,669.6256
532823,勐腊县,2016,14.105,707.3479
530827,孟连傣族拉祜族佤族自治县,2016,13.481,588.9877
532925,弥渡县,2016,7.005,232.3398
532504,弥勒市,2016,9.851,382.1748
530822,墨江哈尼族自治县,2016,8.913,387.4185
532323,牟定县,2016,7.947,259.5054
532324,南华县,2016,8.305,289.6327
532926,南涧彝族自治县,2016,9.536,327.642
530821,宁洱哈尼族彝族自治县,2016,7.752,364.5775
530724,宁蒗彝族自治县,2016,5.11,235.9742
530103,盘龙区,2016,8.307,399.8281
532523,屏边苗族自治县,2016,9.407,551.7001
530302,麒麟区,2016,7.815,410.4758
530622,巧家县,2016,7.9,422.4192
532626,丘北县,2016,10.574,502.2598
533102,瑞丽市,2016,9.322,341.9185
530323,师宗县,2016,7.334,354.8678
530521,施甸县,2016,10.501,392.7861
530126,石林彝族自治县,2016,9.865,427.4207
532525,石屏县,2016,10.92,433.1089
532322,双柏县,2016,10.201,346.6456
530925,双江拉祜族佤族布朗族傣族自治县,2016,10.749,490.5607
530681,水富市,2016,6.868,395.9774
530802,思茅区,2016,9.921,483.1806
530127,嵩明县,2016,7.907,358.2516
530626,绥江县,2016,7.122,415.7622
530581,腾冲市,2016,9.44,473.1069
530423,通海县,2016,8.954,361.9399
530629,威信县,2016,8.051,482.5485
532927,巍山彝族回族自治县,2016,11.197,381.0079
533423,维西傈僳族自治县,2016,4.578,279.2832
532601,文山市,2016,10.042,595.6748
530102,五华区,2016,8.073,356.5919
532329,武定县,2016,8.457,334.1625
532623,西畴县,2016,7.617,459.2084
530829,西盟佤族自治县,2016,12.161,542.9963
530112,西山区,2016,7.368,317.1196
533401,香格里拉市,2016,3.417,266.3108
532923,祥云县,2016,8.633,288.9131
530427,新平彝族傣族自治县,2016,9.18,353.1276
530381,宣威市,2016,8.54,506.8532
530129,寻甸回族彝族自治县,2016,8.225,399.5789
530623,盐津县,2016,10.693,583.0279
532622,砚山县,2016,7.778,413.2548
532922,漾濞彝族自治县,2016,7.345,261.7748
532325,姚安县,2016,9.249,329.4333
530125,宜良县,2016,7.222,301.8078
530628,彝良县,2016,5.788,336.1673
530425,易门县,2016,11.376,411.8933
533123,盈江县,2016,9.976,479.4951
530923,永德县,2016,10.728,439.5104
532928,永平县,2016,9.376,324.6838
532327,永仁县,2016,10.166,307.3595
530625,永善县,2016,4.554,260.6576
530722,永胜县,2016,8.074,268.1651
530721,玉龙纳西族自治县,2016,4.554,218.2922
530428,元江哈尼族彝族傣族自治县,2016,11.716,481.6084
532328,元谋县,2016,10.063,260.5386
532528,元阳县,2016,10.365,484.1711
532929,云龙县,2016,6.79,296.2645
530922,云县,2016,9.03,340.9098
530303,沾益区,2016,8.807,462.3059
530602,昭阳区,2016,6.045,367.3901
530924,镇康县,2016,10.249,434.7833
530627,镇雄县,2016,8.365,527.7678
530825,镇沅彝族哈尼族拉祜族自治县,2016,7.732,312.0621
530181,安宁市,2017,7.325,305.3176
532924,宾川县,2017,8.699,300.8509
530927,沧源佤族自治县,2017,12.209,583.7762
530524,昌宁县,2017,8.245,354.3309
530114,呈贡区,2017,9.028,402.8185
530481,澄江市,2017,8.963,395.6204
532301,楚雄市,2017,9.104,327.6245
530624,大关县,2017,7.853,407.1452
532901,大理市,2017,7.718,322.4025
532326,大姚县,2017,8.85,306.7897
533422,德钦县,2017,2.027,203.3122
530113,东川区,2017,6.536,294.1645
530426,峨山彝族自治县,2017,8.349,320.103
532930,洱源县,2017,6.47,327.0554
530921,凤庆县,2017,9.561,418.446
533323,福贡县,2017,7.343,556.3327
530124,富民县,2017,7.422,306.0141
532628,富宁县,2017,10.439,506.4381
530325,富源县,2017,5.625,352.6187
532501,个旧市,2017,7.575,378.1694
530926,耿马傣族佤族自治县,2017,9.064,418.1275
533324,贡山独龙族怒族自治县,2017,4.116,372.6772
530702,古城区,2017,5.986,250.5839
530111,官渡区,2017,6.529,298.4205
532627,广南县,2017,11.95,618.9806
532532,河口瑶族自治县,2017,5.92,329.2457
532932,鹤庆县,2017,9.656,363.6591
532529,红河县,2017,12.544,599.7047
530402,红塔区,2017,9.157,383.0148
530424,华宁县,2017,10.094,434.3983
530723,华坪县,2017,10.791,336.5229
530326,会泽县,2017,6.941,357.0483
532524,建水县,2017,10.6,449.148
532931,剑川县,2017,8.15,436.1462
530826,江城哈尼族彝族自治县,2017,9.831,487.0194
530403,江川区,2017,11.377,489.3749
532530,金平苗族瑶族傣族自治县,2017,8.988,490.9646
530115,晋宁区,2017,7.268,322.5649
530823,景东彝族自治县,2017,9.491,379.8487
530824,景谷傣族彝族自治县,2017,11.987,552.2517
532801,景洪市,2017,10.81,565.3431
532502,开远市,2017,10.325,464.6908
533325,兰坪白族普米族自治县,2017,6.524,397.9325
530828,澜沧拉祜族自治县,2017,11.388,605.8521
533122,梁河县,2017,10.065,579.1492
530902,临翔区,2017,9.163,425.9605
530523,龙陵县,2017,8.253,427.3962
530502,隆阳区,2017,11.127,537.6777
533124,陇川县,2017,10.045,596.939
533301,泸水市,2017,6.75,443.7706
532527,泸西县,2017,9.417,440.2699
530621,鲁甸县,2017,6.958,359.1077
530322,陆良县,2017,8.093,401.2995
532302,禄丰市,2017,10.766,387.1455
530128,禄劝彝族苗族自治县,2017,8.561,368.7047
530324,罗平县,2017,6.865,386.0297
532531,绿春县,2017,11.074,543.7579
532624,麻栗坡县,2017,7.332,475.9237
532625,马关县,2017,10.312,714.8008
530304,马龙区,2017,9.959,479.3355
533103,芒市,2017,12.86,693.9394
532503,蒙自市,2017,9.993,572.9283
532822,勐海县,2017,13.152,696.5518
532823,勐腊县,2017,14.209,765.5935
530827,孟连傣族拉祜族佤族自治县,2017,13.333,621.4586
532925,弥渡县,2017,6.917,254.751
532504,弥勒市,2017,9.977,414.2334
530822,墨江哈尼族自治县,2017,8.955,403.3491
532323,牟定县,2017,7.938,260.2096
532324,南华县,2017,8.202,302.8949
532926,南涧彝族自治县,2017,9.484,369.747
530821,宁洱哈尼族彝族自治县,2017,7.795,390.5783
530724,宁蒗彝族自治县,2017,5.127,246.47
530103,盘龙区,2017,8.406,403.9798
532523,屏边苗族自治县,2017,9.559,611.9862
530302,麒麟区,2017,7.953,426.6745
530622,巧家县,2017,8.008,398.888
532626,丘北县,2017,10.775,546.6545
533102,瑞丽市,2017,9.237,484.6387
530323,师宗县,2017,7.494,387.3296
530521,施甸县,2017,10.446,488.3585
530126,石林彝族自治县,2017,10.06,457.2827
532525,石屏县,2017,11.015,467.8947
532322,双柏县,2017,10.107,368.4996
530925,双江拉祜族佤族布朗族傣族自治县,2017,10.675,506.7895
530681,水富市,2017,7.079,380.6355
530802,思茅区,2017,9.926,514.9641
530127,嵩明县,2017,8.032,366.0069
530626,绥江县,2017,7.332,397.0274
530581,腾冲市,2017,9.322,581.5929
530423,通海县,2017,9.035,392.7686
530629,威信县,2017,8.302,471.0517
532927,巍山彝族回族自治县,2017,11.055,433.041
533423,维西傈僳族自治县,2017,4.492,296.5032
532601,文山市,2017,10.2,646.6285
530102,五华区,2017,8.156,360.9494
532329,武定县,2017,8.518,321.7368
532623,西畴县,2017,7.749,498.7528
530829,西盟佤族自治县,2017,12.062,581.3493
530112,西山区,2017,7.472,329.7119
533401,香格里拉市,2017,3.36,273.6643
532923,祥云县,2017,8.515,308.1155
530427,新平彝族傣族自治县,2017,9.169,374.1423
530381,宣威市,2017,8.66,493.9326
530129,寻甸回族彝族自治县,2017,8.339,393.4931
530623,盐津县,2017,10.974,559.1026
532622,砚山县,2017,7.896,449.6296
532922,漾濞彝族自治县,2017,7.303,316.8578
532325,姚安县,2017,9.137,333.4905
530125,宜良县,2017,7.362,318.8402
530628,彝良县,2017,5.932,323.2061
530425,易门县,2017,11.398,432.9171
533123,盈江县,2017,9.831,691.8086
530923,永德县,2017,10.637,513.7188
532928,永平县,2017,9.254,404.3606
532327,永仁县,2017,10.138,310.4416
530625,永善县,2017,4.617,250.313
530722,永胜县,2017,8.069,281.3692
530721,玉龙纳西族自治县,2017,4.5,230.0473
530428,元江哈尼族彝族傣族自治县,2017,11.81,505.7976
532328,元谋县,2017,10.036,256.5535
532528,元阳县,2017,10.539,516.4719
532929,云龙县,2017,6.728,375.256
530922,云县,2017,8.965,377.5065
530303,沾益区,2017,8.878,458.3124
530602,昭阳区,2017,6.08,347.9686
530924,镇康县,2017,10.288,509.6637
530627,镇雄县,2017,8.655,515.9546
530825,镇沅彝族哈尼族拉祜族自治县,2017,7.677,332.962
530181,安宁市,2018,7.229,287.9016
532924,宾川县,2018,8.621,331.737
530927,沧源佤族自治县,2018,12.234,718.4422
530524,昌宁县,2018,8.249,390.7932
530114,呈贡区,2018,8.92,362.4257
530481,澄江市,2018,8.853,342.8502
532301,楚雄市,2018,8.999,331.3583
530624,大关县,2018,7.782,389.6256
532901,大理市,2018,7.68,362.6315
532326,大姚县,2018,8.729,322.2625
533422,德钦县,2018,2.038,245.0224
530113,东川区,2018,6.466,286.3231
530426,峨山彝族自治县,2018,8.21,281.9957
532930,洱源县,2018,6.426,361.9322
530921,凤庆县,2018,9.553,451.0653
533323,福贡县,2018,7.345,653.8154
530124,富民县,2018,7.336,297.1318
532628,富宁县,2018,10.247,459.9385
530325,富源县,2018,5.514,290.7814
532501,个旧市,2018,7.46,332.5847
530926,耿马傣族佤族自治县,2018,9.028,505.1452
533324,贡山独龙族怒族自治县,2018,4.22,462.0189
530702,古城区,2018,5.902,283.0506
530111,官渡区,2018,6.44,273.4088
532627,广南县,2018,11.709,533.6401
532532,河口瑶族自治县,2018,5.838,301.5474
532932,鹤庆县,2018,9.568,411.2598
532529,红河县,2018,12.373,590.8546
530402,红塔区,2018,8.993,341.2451
530424,华宁县,2018,9.934,366.1077
530723,华坪县,2018,10.642,367.6631
530326,会泽县,2018,6.827,344.554
532524,建水县,2018,10.452,385.0119
532931,剑川县,2018,8.117,487.0194
530826,江城哈尼族彝族自治县,2018,9.706,485.1238
530403,江川区,2018,11.18,433.2979
532530,金平苗族瑶族傣族自治县,2018,8.8,458.8304
530115,晋宁区,2018,7.157,293.447
530823,景东彝族自治县,2018,9.398,396.4758
530824,景谷傣族彝族自治县,2018,11.891,593.8681
532801,景洪市,2018,10.678,584.4531
532502,开远市,2018,10.17,379.6149
533325,兰坪白族普米族自治县,2018,6.504,459.5689
530828,澜沧拉祜族自治县,2018,11.389,671.8292
533122,梁河县,2018,10.191,760.0824
530902,临翔区,2018,9.095,484.9229
530523,龙陵县,2018,8.237,524.9027
530502,隆阳区,2018,11.135,649.215
533124,陇川县,2018,10.085,767.2077
533301,泸水市,2018,6.741,539.1974
532527,泸西县,2018,9.239,351.3335
530621,鲁甸县,2018,6.831,357.1099
530322,陆良县,2018,8.003,331.2281
532302,禄丰市,2018,10.663,378.5754
530128,禄劝彝族苗族自治县,2018,8.483,363.7116
530324,罗平县,2018,6.749,308.5481
532531,绿春县,2018,10.886,544.3249
532624,麻栗坡县,2018,7.172,416.6463
532625,马关县,2018,10.134,645.5358
530304,马龙区,2018,9.856,416.78
533103,芒市,2018,12.825,870.4402
532503,蒙自市,2018,9.836,487.4751
532822,勐海县,2018,13.07,761.5601
532823,勐腊县,2018,14.028,813.6429
530827,孟连傣族拉祜族佤族自治县,2018,13.337,739.6389
532925,弥渡县,2018,6.859,277.9091
532504,弥勒市,2018,9.818,330.5512
530822,墨江哈尼族自治县,2018,8.849,411.8051
532323,牟定县,2018,7.818,260.1116
532324,南华县,2018,8.097,317.0769
532926,南涧彝族自治县,2018,9.406,394.5368
530821,宁洱哈尼族彝族自治县,2018,7.696,390.3942
530724,宁蒗彝族自治县,2018,5.043,281.7353
530103,盘龙区,2018,8.262,381.9452
532523,屏边苗族自治县,2018,9.418,528.5245
530302,麒麟区,2018,7.849,357.6335
530622,巧家县,2018,7.885,401.6411
532626,丘北县,2018,10.54,450.2141
533102,瑞丽市,2018,9.322,623.833
530323,师宗县,2018,7.362,311.5945
530521,施甸县,2018,10.416,566.2608
530126,石林彝族自治县,2018,9.935,370.0718
532525,石屏县,2018,10.863,393.211
532322,双柏县,2018,9.987,354.1615
530925,双江拉祜族佤族布朗族傣族自治县,2018,10.643,605.99
530681,水富市,2018,7.085,354.0089
530802,思茅区,2018,9.815,540.0766
530127,嵩明县,2018,7.94,334.2962
530626,绥江县,2018,7.329,369.6434
530581,腾冲市,2018,9.347,757.5365
530423,通海县,2018,8.873,342.188
530629,威信县,2018,8.272,425.2262
532927,巍山彝族回族自治县,2018,11.031,480.6431
533423,维西傈僳族自治县,2018,4.554,344.5876
532601,文山市,2018,10.03,559.6521
530102,五华区,2018,8.033,344.7493
532329,武定县,2018,8.426,317.0083
532623,西畴县,2018,7.603,439.4978
530829,西盟佤族自治县,2018,12.058,702.9155
530112,西山区,2018,7.38,310.436
533401,香格里拉市,2018,3.289,323.9845
532923,祥云县,2018,8.419,333.6879
530427,新平彝族傣族自治县,2018,9.053,358.3391
530381,宣威市,2018,8.498,441.7896
530129,寻甸回族彝族自治县,2018,8.219,368.0194
530623,盐津县,2018,10.904,524.4029
532622,砚山县,2018,7.759,381.9928
532922,漾濞彝族自治县,2018,7.252,352.7181
532325,姚安县,2018,9.016,346.8983
530125,宜良县,2018,7.288,271.7197
530628,彝良县,2018,5.878,303.8945
530425,易门县,2018,11.231,410.7803
533123,盈江县,2018,9.881,870.6019
530923,永德县,2018,10.629,589.4812
532928,永平县,2018,9.247,456.1354
532327,永仁县,2018,10.014,318.1654
530625,永善县,2018,4.564,240.0783
530722,永胜县,2018,7.981,312.816
530721,玉龙纳西族自治县,2018,4.451,267.3475
530428,元江哈尼族彝族傣族自治县,2018,11.669,482.734
532328,元谋县,2018,9.922,254.0748
532528,元阳县,2018,10.356,475.0025
532929,云龙县,2018,6.7,422.6061
530922,云县,2018,8.925,413.2191
530303,沾益区,2018,8.699,403.1867
530602,昭阳区,2018,5.977,339.1745
530924,镇康县,2018,10.239,602.5607
530627,镇雄县,2018,8.605,474.5601
530825,镇沅彝族哈尼族拉祜族自治县,2018,7.601,338.2141
530181,安宁市,2019,7.135,310.7566
532924,宾川县,2019,8.603,335.7011
530927,沧源佤族自治县,2019,12.195,627.8482
530524,昌宁县,2019,8.227,360.2942
530114,呈贡区,2019,8.821,405.0984
530481,澄江市,2019,8.755,390.3249
532301,楚雄市,2019,8.969,335.8033
530624,大关县,2019,7.718,401.5074
532901,大理市,2019,7.659,359.5102
532326,大姚县,2019,8.699,323.9145
533422,德钦县,2019,2.038,236.8037
530113,东川区,2019,6.396,307.1642
530426,峨山彝族自治县,2019,8.127,316.5309
532930,洱源县,2019,6.406,350.3248
530921,凤庆县,2019,9.516,426.9489
533323,福贡县,2019,7.341,608.9888
530124,富民县,2019,7.253,315.9345
532628,富宁县,2019,10.178,506.2988
530325,富源县,2019,5.451,333.8398
532501,个旧市,2019,7.353,376.1373
530926,耿马傣族佤族自治县,2019,8.958,447.0543
533324,贡山独龙族怒族自治县,2019,4.245,429.0748
530702,古城区,2019,5.897,293.72
530111,官渡区,2019,6.37,300.8537
532627,广南县,2019,11.572,605.7009
532532,河口瑶族自治县,2019,5.764,328.9923
532932,鹤庆县,2019,9.543,423.3803
532529,红河县,2019,12.203,621.6042
530402,红塔区,2019,8.881,378.3941
530424,华宁县,2019,9.802,423.5308
530723,华坪县,2019,10.579,373.5431
530326,会泽县,2019,6.757,367.9781
532524,建水县,2019,10.312,444.5343
532931,剑川县,2019,8.112,484.3503
530826,江城哈尼族彝族自治县,2019,9.566,505.6555
530403,江川区,2019,11.03,483.056
532530,金平苗族瑶族傣族自治县,2019,8.73,495.6665
530115,晋宁区,2019,7.07,324.373
530823,景东彝族自治县,2019,9.344,391.1782
530824,景谷傣族彝族自治县,2019,11.83,579.3375
532801,景洪市,2019,10.508,594.1474
532502,开远市,2019,10.03,459.1825
533325,兰坪白族普米族自治县,2019,6.485,451.941
530828,澜沧拉祜族自治县,2019,11.347,641.7838
533122,梁河县,2019,10.155,637.1491
530902,临翔区,2019,9.005,450.9414
530523,龙陵县,2019,8.188,453.5629
530502,隆阳区,2019,11.093,568.7661
533124,陇川县,2019,10.029,612.0121
533301,泸水市,2019,6.706,477.8319
532527,泸西县,2019,9.139,425.866
530621,鲁甸县,2019,6.767,372.5995
530322,陆良县,2019,7.925,390.411
532302,禄丰市,2019,10.547,396.4891
530128,禄劝彝族苗族自治县,2019,8.392,388.1388
530324,罗平县,2019,6.688,360.1318
532531,绿春县,2019,10.782,573.7466
532624,麻栗坡县,2019,7.096,478.5571
532625,马关县,2019,9.977,724.4958
530304,马龙区,2019,9.75,471.2435
533103,芒市,2019,12.735,721.2464
532503,蒙自市,2019,9.675,570.5406
532822,勐海县,2019,12.907,756.6216
532823,勐腊县,2019,13.847,817.4201
530827,孟连傣族拉祜族佤族自治县,2019,13.262,690.8034
532925,弥渡县,2019,6.849,272.8488
532504,弥勒市,2019,9.698,401.0902
530822,墨江哈尼族自治县,2019,8.758,418.0106
532323,牟定县,2019,7.775,266.0581
532324,南华县,2019,8.086,315.8141
532926,南涧彝族自治县,2019,9.345,384.3791
530821,宁洱哈尼族彝族自治县,2019,7.616,402.4125
530724,宁蒗彝族自治县,2019,5.004,286.363
530103,盘龙区,2019,8.169,412.4337
532523,屏边苗族自治县,2019,9.262,610.0514
530302,麒麟区,2019,7.769,412.4428
530622,巧家县,2019,7.822,419.8236
532626,丘北县,2019,10.407,533.8347
533102,瑞丽市,2019,9.276,498.4987
530323,师宗县,2019,7.291,367.7751
530521,施甸县,2019,10.345,500.4342
530126,石林彝族自治县,2019,9.833,441.8834
532525,石屏县,2019,10.721,463.8151
532322,双柏县,2019,9.952,370.7256
530925,双江拉祜族佤族布朗族傣族自治县,2019,10.577,550.0579
530681,水富市,2019,7.008,366.3233
530802,思茅区,2019,9.718,543.8349
530127,嵩明县,2019,7.851,367.6141
530626,绥江县,2019,7.248,386.0829
530581,腾冲市,2019,9.303,653.3884
530423,通海县,2019,8.749,387.149
530629,威信县,2019,8.19,432.1919
532927,巍山彝族回族自治县,2019,10.997,463.4371
533423,维西傈僳族自治县,2019,4.558,355.3333
532601,文山市,2019,9.861,651.6244
530102,五华区,2019,7.942,369.5475
532329,武定县,2019,8.362,335.2209
532623,西畴县,2019,7.499,501.7789
530829,西盟佤族自治县,2019,11.978,640.164
530112,西山区,2019,7.29,336.3899
533401,香格里拉市,2019,3.272,329.6552
532923,祥云县,2019,8.415,333.5822
530427,新平彝族傣族自治县,2019,8.99,378.3038
530381,宣威市,2019,8.4,482.7046
530129,寻甸回族彝族自治县,2019,8.127,399.3997
530623,盐津县,2019,10.821,539.3619
532622,砚山县,2019,7.642,446.6196
532922,漾濞彝族自治县,2019,7.221,334.5776
532325,姚安县,2019,9.004,349.6542
530125,宜良县,2019,7.215,311.5651
530628,彝良县,2019,5.825,313.3109
530425,易门县,2019,11.118,438.9497
533123,盈江县,2019,9.844,710.6449
530923,永德县,2019,10.577,531.5856
532928,永平县,2019,9.235,414.4602
532327,永仁县,2019,9.962,319.3841
530625,永善县,2019,4.528,248.1654
530722,永胜县,2019,7.948,324.4605
530721,玉龙纳西族自治县,2019,4.439,276.4804
530428,元江哈尼族彝族傣族自治县,2019,11.526,519.7934
532328,元谋县,2019,9.887,262.4734
532528,元阳县,2019,10.243,518.2317
532929,云龙县,2019,6.67,385.1211
530922,云县,2019,8.874,391.7333
530303,沾益区,2019,8.606,447.3791
530602,昭阳区,2019,5.921,353.1514
530924,镇康县,2019,10.153,526.9285
530627,镇雄县,2019,8.519,485.1959
530825,镇沅彝族哈尼族拉祜族自治县,2019,7.561,339.4216
530181,安宁市,2020,7.105,318.0408
532924,宾川县,2020,8.54,315.2751
530927,沧源佤族自治县,2020,12.062,683.0649
530524,昌宁县,2020,8.152,377.7578
530114,呈贡区,2020,8.794,408.7671
530481,澄江市,2020,8.728,401.4927
532301,楚雄市,2020,8.937,353.6638
530624,大关县,2020,7.731,386.0759
532901,大理市,2020,7.577,337.302
532326,大姚县,2020,8.656,323.7752
533422,德钦县,2020,1.948,220.8003
530113,东川区,2020,6.383,305.1874
530426,峨山彝族自治县,2020,8.079,349.9125
532930,洱源县,2020,6.322,334.0715
530921,凤庆县,2020,9.427,445.9259
533323,福贡县,2020,7.176,562.0055
530124,富民县,2020,7.224,314.342
532628,富宁县,2020,10.158,490.6013
530325,富源县,2020,5.403,328.7928
532501,个旧市,2020,7.307,405.3616
530926,耿马傣族佤族自治县,2020,8.881,473.0866
533324,贡山独龙族怒族自治县,2020,4.054,396.1664
530702,古城区,2020,5.834,262.2753
530111,官渡区,2020,6.346,300.3602
532627,广南县,2020,11.502,589.82
532532,河口瑶族自治县,2020,5.74,332.4195
532932,鹤庆县,2020,9.438,379.134
532529,红河县,2020,12.12,666.7794
530402,红塔区,2020,8.828,404.2808
530424,华宁县,2020,9.753,449.6366
530723,华坪县,2020,10.505,355.2416
530326,会泽县,2020,6.771,359.7636
532524,建水县,2020,10.25,492.5235
532931,剑川县,2020,7.994,447.8698
530826,江城哈尼族彝族自治县,2020,9.528,518.9506
530403,江川区,2020,10.977,502.3221
532530,金平苗族瑶族傣族自治县,2020,8.699,530.9549
530115,晋宁区,2020,7.035,334.8492
530823,景东彝族自治县,2020,9.292,400.5323
530824,景谷傣族彝族自治县,2020,11.754,624.1102
532801,景洪市,2020,10.473,598.4041
532502,开远市,2020,9.984,500.5945
533325,兰坪白族普米族自治县,2020,6.365,409.6946
530828,澜沧拉祜族自治县,2020,11.244,650.9076
533122,梁河县,2020,9.952,648.5997
530902,临翔区,2020,8.924,482.3686
530523,龙陵县,2020,8.092,482.2328
530502,隆阳区,2020,10.964,583.7293
533124,陇川县,2020,9.896,649.4376
533301,泸水市,2020,6.595,462.8057
532527,泸西县,2020,9.031,452.7236
530621,鲁甸县,2020,6.732,362.7302
530322,陆良县,2020,7.857,401.1721
532302,禄丰市,2020,10.519,407.9607
530128,禄劝彝族苗族自治县,2020,8.349,391.237
530324,罗平县,2020,6.613,356.7333
532531,绿春县,2020,10.753,582.9824
532624,麻栗坡县,2020,7.055,460.0491
532625,马关县,2020,9.929,711.0474
530304,马龙区,2020,9.714,473.6795
533103,芒市,2020,12.585,770.7462
532503,蒙自市,2020,9.625,597.2533
532822,勐海县,2020,12.85,765.0272
532823,勐腊县,2020,13.807,821.8
530827,孟连傣族拉祜族佤族自治县,2020,13.171,700.7819
532925,弥渡县,2020,6.797,271.2052
532504,弥勒市,2020,9.645,434.105
530822,墨江哈尼族自治县,2020,8.705,454.1978
532323,牟定县,2020,7.75,276.4475
532324,南华县,2020,8.041,324.2939
532926,南涧彝族自治县,2020,9.281,392.651
530821,宁洱哈尼族彝族自治县,2020,7.564,437.8094
530724,宁蒗彝族自治县,2020,4.94,266.3339
530103,盘龙区,2020,8.132,407.2775
532523,屏边苗族自治县,2020,9.223,614.5055
530302,麒麟区,2020,7.711,413.3052
530622,巧家县,2020,7.803,406.6489
532626,丘北县,2020,10.303,539.8155
533102,瑞丽市,2020,9.143,522.1524
530323,师宗县,2020,7.189,369.7239
530521,施甸县,2020,10.253,532.4557
530126,石林彝族自治县,2020,9.772,464.8805
532525,石屏县,2020,10.646,501.3827
532322,双柏县,2020,9.925,396.9756
530925,双江拉祜族佤族布朗族傣族自治县,2020,10.482,590.3408
530681,水富市,2020,7.027,349.3182
530802,思茅区,2020,9.668,578.6578
530127,嵩明县,2020,7.827,364.4207
530626,绥江县,2020,7.275,365.386
530581,腾冲市,2020,9.147,640.6799
530423,通海县,2020,8.701,414.9453
530629,威信县,2020,8.152,420.7427
532927,巍山彝族回族自治县,2020,10.897,460.0407
533423,维西傈僳族自治县,2020,4.426,304.199
532601,文山市,2020,9.825,645.9803
530102,五华区,2020,7.908,366.7657
532329,武定县,2020,8.3,343.0966
532623,西畴县,2020,7.461,480.977
530829,西盟佤族自治县,2020,11.889,637.5404
530112,西山区,2020,7.262,338.1525
533401,香格里拉市,2020,3.196,296.3618
532923,祥云县,2020,8.357,325.0198
530427,新平彝族傣族自治县,2020,8.943,412.7886
530381,宣威市,2020,8.36,473.8622
530129,寻甸回族彝族自治县,2020,8.08,398.6143
530623,盐津县,2020,10.883,517.8418
532622,砚山县,2020,7.606,443.8651
532922,漾濞彝族自治县,2020,7.142,329.1351
532325,姚安县,2020,8.963,353.4727
530125,宜良县,2020,7.198,318.9074
530628,彝良县,2020,5.845,304.2788
530425,易门县,2020,11.072,461.2104
533123,盈江县,2020,9.706,731.9466
530923,永德县,2020,10.477,562.2701
532928,永平县,2020,9.132,424.2798
532327,永仁县,2020,9.91,324.6019
530625,永善县,2020,4.533,238.5348
530722,永胜县,2020,7.88,295.246
530721,玉龙纳西族自治县,2020,4.373,241.6876
530428,元江哈尼族彝族傣族自治县,2020,11.448,559.629
532328,元谋县,2020,9.844,272.545
532528,元阳县,2020,10.202,560.2492
532929,云龙县,2020,6.573,384.6892
530922,云县,2020,8.793,412.2804
530303,沾益区,2020,8.559,446.2339
530602,昭阳区,2020,5.891,343.2282
530924,镇康县,2020,10.061,568.5526
530627,镇雄县,2020,8.488,471.1735
530825,镇沅彝族哈尼族拉祜族自治县,2020,7.526,350.287
530181,安宁市,2021,7.437,211.4588
532924,宾川县,2021,8.93,251.6276
530927,沧源佤族自治县,2021,12.499,448.9289
530524,昌宁县,2021,8.469,269.3712
530114,呈贡区,2021,9.072,278.635
530481,澄江市,2021,9.007,267.5869
532301,楚雄市,2021,9.361,258.0165
530624,大关县,2021,7.915,332.2249
532901,大理市,2021,7.952,264.6588
532326,大姚县,2021,9.1,271.2066
533422,德钦县,2021,2.145,196.3927
530113,东川区,2021,6.531,238.1575
530426,峨山彝族自治县,2021,8.501,213.8444
532930,洱源县,2021,6.66,268.7419
530921,凤庆县,2021,9.827,311.0982
533323,福贡县,2021,7.476,490.4207
530124,富民县,2021,7.517,224.3087
532628,富宁县,2021,10.465,409.8598
530325,富源县,2021,5.706,267.1879
532501,个旧市,2021,7.683,238.336
530926,耿马傣族佤族自治县,2021,9.229,333.7397
533324,贡山独龙族怒族自治县,2021,4.241,355.5937
530702,古城区,2021,6.156,227.9592
530111,官渡区,2021,6.601,210.0812
532627,广南县,2021,12.041,468.3791
532532,河口瑶族自治县,2021,6.003,254.6971
532932,鹤庆县,2021,9.837,315.4606
532529,红河县,2021,12.701,404.7785
530402,红塔区,2021,9.312,253.8676
530424,华宁县,2021,10.273,282.5235
530723,华坪县,2021,11.005,309.7731
530326,会泽县,2021,6.984,289.8329
532524,建水县,2021,10.807,284.0467
532931,剑川县,2021,8.457,378.2198
530826,江城哈尼族彝族自治县,2021,9.962,346.7765
530403,江川区,2021,11.561,324.5228
532530,金平苗族瑶族傣族自治县,2021,9.033,322.7406
530115,晋宁区,2021,7.351,218.4518
530823,景东彝族自治县,2021,9.726,303.73
530824,景谷傣族彝族自治县,2021,12.224,409.1416
532801,景洪市,2021,10.911,436.9953
532502,开远市,2021,10.552,295.2775
533325,兰坪白族普米族自治县,2021,6.663,365.9145
530828,澜沧拉祜族自治县,2021,11.666,533.0262
533122,梁河县,2021,10.218,465.9144
530902,临翔区,2021,9.34,327.096
530523,龙陵县,2021,8.431,332.6232
530502,隆阳区,2021,11.449,433.7788
533124,陇川县,2021,10.234,488.5174
533301,泸水市,2021,6.92,387.2673
532527,泸西县,2021,9.446,295.6737
530621,鲁甸县,2021,7.057,294.9268
530322,陆良县,2021,8.087,286.3035
532302,禄丰市,2021,10.884,294.6832
530128,禄劝彝族苗族自治县,2021,8.565,293.7095
530324,罗平县,2021,6.862,279.5009
532531,绿春县,2021,11.279,402.9816
532624,麻栗坡县,2021,7.407,358.8249
532625,马关县,2021,10.486,559.2034
530304,马龙区,2021,10.009,359.6397
533103,芒市,2021,13.036,543.1797
532503,蒙自市,2021,10.176,370.4764
532822,勐海县,2021,13.375,548.2757
532823,勐腊县,2021,14.396,546.644
530827,孟连傣族拉祜族佤族自治县,2021,13.631,532.028
532925,弥渡县,2021,7.121,200.6221
532504,弥勒市,2021,10.131,266.6888
530822,墨江哈尼族自治县,2021,9.076,272.4267
532323,牟定县,2021,8.093,222.5055
532324,南华县,2021,8.459,246.5932
532926,南涧彝族自治县,2021,9.72,282.1868
530821,宁洱哈尼族彝族自治县,2021,7.893,254.926
530724,宁蒗彝族自治县,2021,5.264,231.0042
530103,盘龙区,2021,8.554,291.7796
532523,屏边苗族自治县,2021,9.739,431.3869
530302,麒麟区,2021,8.003,322.4207
530622,巧家县,2021,8.102,336.5173
532626,丘北县,2021,10.835,383.7022
533102,瑞丽市,2021,9.386,403.3316
530323,师宗县,2021,7.469,273.763
530521,施甸县,2021,10.678,367.7947
530126,石林彝族自治县,2021,10.078,311.1472
532525,石屏县,2021,11.174,308.6615
532322,双柏县,2021,10.393,269.6694
530925,双江拉祜族佤族布朗族傣族自治县,2021,10.915,398.1726
530681,水富市,2021,7.009,319.4324
530802,思茅区,2021,10.079,353.9179
530127,嵩明县,2021,8.091,265.6514
530626,绥江县,2021,7.287,328.1082
530581,腾冲市,2021,9.579,489.6955
530423,通海县,2021,9.214,256.0747
530629,威信县,2021,8.237,402.9004
532927,巍山彝族回族自治县,2021,11.386,344.1361
533423,维西傈僳族自治县,2021,4.614,273.8323
532601,文山市,2021,10.427,474.2766
530102,五华区,2021,8.303,258.8439
532329,武定县,2021,8.594,263.9399
532623,西畴县,2021,7.893,375.8629
530829,西盟佤族自治县,2021,12.328,520.4836
530112,西山区,2021,7.562,230.8579
533401,香格里拉市,2021,3.567,253.6842
532923,祥云县,2021,8.781,250.852
530427,新平彝族傣族自治县,2021,9.337,265.853
530381,宣威市,2021,8.79,399.3871
530129,寻甸回族彝族自治县,2021,8.395,310.4451
530623,盐津县,2021,10.986,466.5703
532622,砚山县,2021,8.069,324.9974
532922,漾濞彝族自治县,2021,7.497,256.0572
532325,姚安县,2021,9.431,283.1808
530125,宜良县,2021,7.38,220.535
530628,彝良县,2021,5.962,269.892
530425,易门县,2021,11.665,299.3697
533123,盈江县,2021,10.048,564.088
530923,永德县,2021,10.891,386.5932
532928,永平县,2021,9.539,329.8757
532327,永仁县,2021,10.326,288.645
530625,永善县,2021,4.671,209.5737
530722,永胜县,2021,8.227,247.611
530721,玉龙纳西族自治县,2021,4.657,212.9841
530428,元江哈尼族彝族傣族自治县,2021,11.916,343.4515
532328,元谋县,2021,10.202,226.7391
532528,元阳县,2021,10.65,329.2387
532929,云龙县,2021,6.91,313.9416
530922,云县,2021,9.178,287.1211
530303,沾益区,2021,9.067,370.8915
530602,昭阳区,2021,6.188,288.9999
530924,镇康县,2021,10.449,385.5348
530627,镇雄县,2021,8.601,438.9378
530825,镇沅彝族哈尼族拉祜族自治县,2021,7.867,264.2227
530181,安宁市,2022,7.327,246.0185
532924,宾川县,2022,8.745,307.6717
530927,沧源佤族自治县,2022,12.311,594.1047
530524,昌宁县,2022,8.321,355.3347
530114,呈贡区,2022,9.018,312.3127
530481,澄江市,2022,8.956,287.903
532301,楚雄市,2022,9.158,294.7609
530624,大关县,2022,7.825,415.6061
532901,大理市,2022,7.771,331.5795
532326,大姚县,2022,8.886,307.1579
533422,德钦县,2022,2.082,212.2071
530113,东川区,2022,6.52,286.7648
530426,峨山彝族自治县,2022,8.337,222.6259
532930,洱源县,2022,6.508,332.199
530921,凤庆县,2022,9.646,405.4666
533323,福贡县,2022,7.434,603.4581
530124,富民县,2022,7.409,274.0696
532628,富宁县,2022,10.381,394.6208
530325,富源县,2022,5.606,292.3683
532501,个旧市,2022,7.539,272.2391
530926,耿马傣族佤族自治县,2022,9.087,429.7258
533324,贡山独龙族怒族自治县,2022,4.207,400.8249
530702,古城区,2022,5.996,262.7303
530111,官渡区,2022,6.52,244.6038
532627,广南县,2022,11.861,480.8041
532532,河口瑶族自治县,2022,5.907,266.434
532932,鹤庆县,2022,9.676,380.3429
532529,红河县,2022,12.517,480.2028
530402,红塔区,2022,9.142,275.4017
530424,华宁县,2022,10.085,299.8905
530723,华坪县,2022,10.777,335.797
530326,会泽县,2022,6.911,355.8226
532524,建水县,2022,10.599,306.7897
532931,剑川县,2022,8.242,448.14
530826,江城哈尼族彝族自治县,2022,9.793,389.2574
530403,江川区,2022,11.364,353.472
532530,金平苗族瑶族傣族自治县,2022,8.888,366.275
530115,晋宁区,2022,7.264,243.3025
530823,景东彝族自治县,2022,9.52,340.3967
530824,景谷傣族彝族自治县,2022,12.025,485.4164
532801,景洪市,2022,10.756,450.4584
532502,开远市,2022,10.318,309.3972
533325,兰坪白族普米族自治县,2022,6.587,419.9293
530828,澜沧拉祜族自治县,2022,11.488,572.6924
533122,梁河县,2022,10.148,648.1412
530902,临翔区,2022,9.174,411.0211
530523,龙陵县,2022,8.29,456.3153
530502,隆阳区,2022,11.218,578.6627
533124,陇川县,2022,10.101,625.3891
533301,泸水市,2022,6.807,480.3281
532527,泸西县,2022,9.368,274.3762
530621,鲁甸县,2022,6.937,380.3814
530322,陆良县,2022,8.073,286.1306
532302,禄丰市,2022,10.765,341.0407
530128,禄劝彝族苗族自治县,2022,8.539,357.1869
530324,罗平县,2022,6.827,294.3052
532531,绿春县,2022,11.044,469.4991
532624,麻栗坡县,2022,7.286,374.2053
532625,马关县,2022,10.283,599.2889
530304,马龙区,2022,9.958,386.5911
533103,芒市,2022,12.885,735.3325
532503,蒙自市,2022,9.962,407.0122
532822,勐海县,2022,13.181,587.7634
532823,勐腊县,2022,14.155,567.2506
530827,孟连傣族拉祜族佤族自治县,2022,13.428,583.9834
532925,弥渡县,2022,6.951,249.2014
532504,弥勒市,2022,9.963,263.704
530822,墨江哈尼族自治县,2022,8.935,338.2477
532323,牟定县,2022,7.943,244.8614
532324,南华县,2022,8.235,289.2407
532926,南涧彝族自治县,2022,9.506,352.7685
530821,宁洱哈尼族彝族自治县,2022,7.778,299.6581
530724,宁蒗彝族自治县,2022,5.121,255.9228
530103,盘龙区,2022,8.39,353.4223
532523,屏边苗族自治县,2022,9.549,461.4323
530302,麒麟区,2022,7.945,340.4541
530622,巧家县,2022,7.973,412.8621
532626,丘北县,2022,10.684,398.1691
533102,瑞丽市,2022,9.296,494.3309
530323,师宗县,2022,7.439,280.0441
530521,施甸县,2022,10.486,509.0456
530126,石林彝族自治县,2022,10.033,308.126
532525,石屏县,2022,11.013,288.2376
532322,双柏县,2022,10.162,296.5886
530925,双江拉祜族佤族布朗族傣族自治县,2022,10.723,500.2214
530681,水富市,2022,7.019,373.6362
530802,思茅区,2022,9.906,400.4406
530127,嵩明县,2022,8.022,307.1712
530626,绥江县,2022,7.27,391.5373
530581,腾冲市,2022,9.389,661.3985
530423,通海县,2022,9.026,273.147
530629,威信县,2022,8.211,451.5826
532927,巍山彝族回族自治县,2022,11.145,433.0011
533423,维西傈僳族自治县,2022,4.562,319.1237
532601,文山市,2022,10.189,511.9492
530102,五华区,2022,8.144,315.357
532329,武定县,2022,8.505,303.9561
532623,西畴县,2022,7.725,409.5924
530829,西盟佤族自治县,2022,12.129,566.4603
530112,西山区,2022,7.468,271.3445
533401,香格里拉市,2022,3.388,295.1004
532923,祥云县,2022,8.556,306.7932
530427,新平彝族傣族自治县,2022,9.175,294.3276
530381,宣威市,2022,8.622,467.1667
530129,寻甸回族彝族自治县,2022,8.329,355.3956
530623,盐津县,2022,10.898,556.4839
532622,砚山县,2022,7.884,344.7157
532922,漾濞彝族自治县,2022,7.329,320.2934
532325,姚安县,2022,9.185,328.7361
530125,宜良县,2022,7.353,237.2328
530628,彝良县,2022,5.89,326.5325
530425,易门县,2022,11.428,344.9782
533123,盈江县,2022,9.894,758.9883
530923,永德县,2022,10.712,520.6964
532928,永平县,2022,9.341,413.392
532327,永仁县,2022,10.155,303.5312
530625,永善县,2022,4.605,253.2684
530722,永胜县,2022,8.091,293.069
530721,玉龙纳西族自治县,2022,4.52,243.9927
530428,元江哈尼族彝族傣族自治县,2022,11.788,382.2126
532328,元谋县,2022,10.045,241.2543
532528,元阳县,2022,10.469,377.9286
532929,云龙县,2022,6.771,386.554
530922,云县,2022,9.018,360.8689
530303,沾益区,2022,8.881,410.7586
530602,昭阳区,2022,6.075,363.1726
530924,镇康县,2022,10.311,530.46
530627,镇雄县,2022,8.548,502.9878
530825,镇沅彝族哈尼族拉祜族自治县,2022,7.704,286.5142
530000,云南省,2013,8.7930625,1049.25548
530000,云南省,2014,8.4859375,1105.40612
530000,云南省,2015,8.0579375,1203.9447
530000,云南省,2016,8.5506875,1225.17388
530000,云南省,2017,9.6985,1341.87998
530000,云南省,2018,9.968625,1408.83008
530000,云南省,2019,8.512125,1400.1638
530000,云南省,2020,8.9574375,1412.0183
530000,云南省,2021,8.4533125,1053.26844
530000,云南省,2022,8.564625,1231.18086
